split,class_name,source_path,output_path,original_width,original_height,processed_width,processed_height
train,alfalfa,/Users/tadhglooram/Desktop/EOU/deliverables/EOU-ML-Workshop/crops/data/raw_crop_images/alfalfa/img/6659909.jpeg,/Users/tadhglooram/Desktop/EOU/deliverables/EOU-ML-Workshop/crops/data/crop_images/train/alfalfa/alfalfa_0000.jpg,281,500,160,160
train,alfalfa,/Users/tadhglooram/Desktop/EOU/deliverables/EOU-ML-Workshop/crops/data/raw_crop_images/alfalfa/img/15216399.jpeg,/Users/tadhglooram/Desktop/EOU/deliverables/EOU-ML-Workshop/crops/data/crop_images/train/alfalfa/alfalfa_0001.jpg,500,281,160,160
train,alfalfa,/Users/tadhglooram/Desktop/EOU/deliverables/EOU-ML-Workshop/crops/data/raw_crop_images/alfalfa/img/14690958.jpg,/Users/tadhglooram/Desktop/EOU/deliverables/EOU-ML-Workshop/crops/data/crop_images/train/alfalfa/alfalfa_0002.jpg,375,500,160,160
train,alfalfa,/Users/tadhglooram/Desktop/EOU/deliverables/EOU-ML-Workshop/crops/data/raw_crop_images/alfalfa/img/13117726.jpg,/Users/tadhglooram/Desktop/EOU/deliverables/EOU-ML-Workshop/crops/data/crop_images/train/alfalfa/alfalfa_0003.jpg,375,500,160,160
train,alfalfa,/Users/tadhglooram/Desktop/EOU/deliverables/EOU-ML-Workshop/crops/data/raw_crop_images/alfalfa/img/758436.JPG,/Users/tadhglooram/Desktop/EOU/deliverables/EOU-ML-Workshop/crops/data/crop_images/train/alfalfa/alfalfa_0004.jpg,375,500,160,160
train,alfalfa,/Users/tadhglooram/Desktop/EOU/deliverables/EOU-ML-Workshop/crops/data/raw_crop_images/alfalfa/img/15861606.jpg,/Users/tadhglooram/Desktop/EOU/deliverables/EOU-ML-Workshop/crops/data/crop_images/train/alfalfa/alfalfa_0005.jpg,375,500,160,160
train,alfalfa,/Users/tadhglooram/Desktop/EOU/deliverables/EOU-ML-Workshop/crops/data/raw_crop_images/alfalfa/img/3494939.jpg,/Users/tadhglooram/Desktop/EOU/deliverables/EOU-ML-Workshop/crops/data/crop_images/train/alfalfa/alfalfa_0006.jpg,375,500,160,160
train,alfalfa,/Users/tadhglooram/Desktop/EOU/deliverables/EOU-ML-Workshop/crops/data/raw_crop_images/alfalfa/img/6903495.jpg,/Users/tadhglooram/Desktop/EOU/deliverables/EOU-ML-Workshop/crops/data/crop_images/train/alfalfa/alfalfa_0007.jpg,500,375,160,160
train,alfalfa,/Users/tadhglooram/Desktop/EOU/deliverables/EOU-ML-Workshop/crops/data/raw_crop_images/alfalfa/img/7376498.jpg,/Users/tadhglooram/Desktop/EOU/deliverables/EOU-ML-Workshop/crops/data/crop_images/train/alfalfa/alfalfa_0008.jpg,445,500,160,160
train,alfalfa,/Users/tadhglooram/Desktop/EOU/deliverables/EOU-ML-Workshop/crops/data/raw_crop_images/alfalfa/img/1627652.jpg,/Users/tadhglooram/Desktop/EOU/deliverables/EOU-ML-Workshop/crops/data/crop_images/train/alfalfa/alfalfa_0009.jpg,375,500,160,160
train,alfalfa,/Users/tadhglooram/Desktop/EOU/deliverables/EOU-ML-Workshop/crops/data/raw_crop_images/alfalfa/img/7582073.jpg,/Users/tadhglooram/Desktop/EOU/deliverables/EOU-ML-Workshop/crops/data/crop_images/train/alfalfa/alfalfa_0010.jpg,375,500,160,160
train,alfalfa,/Users/tadhglooram/Desktop/EOU/deliverables/EOU-ML-Workshop/crops/data/raw_crop_images/alfalfa/img/14187992.jpeg,/Users/tadhglooram/Desktop/EOU/deliverables/EOU-ML-Workshop/crops/data/crop_images/train/alfalfa/alfalfa_0011.jpg,375,500,160,160
train,alfalfa,/Users/tadhglooram/Desktop/EOU/deliverables/EOU-ML-Workshop/crops/data/raw_crop_images/alfalfa/img/3928214.jpeg,/Users/tadhglooram/Desktop/EOU/deliverables/EOU-ML-Workshop/crops/data/crop_images/train/alfalfa/alfalfa_0012.jpg,500,333,160,160
train,alfalfa,/Users/tadhglooram/Desktop/EOU/deliverables/EOU-ML-Workshop/crops/data/raw_crop_images/alfalfa/img/13060161.jpg,/Users/tadhglooram/Desktop/EOU/deliverables/EOU-ML-Workshop/crops/data/crop_images/train/alfalfa/alfalfa_0013.jpg,375,500,160,160
train,alfalfa,/Users/tadhglooram/Desktop/EOU/deliverables/EOU-ML-Workshop/crops/data/raw_crop_images/alfalfa/img/3748992.jpg,/Users/tadhglooram/Desktop/EOU/deliverables/EOU-ML-Workshop/crops/data/crop_images/train/alfalfa/alfalfa_0014.jpg,500,334,160,160
train,alfalfa,/Users/tadhglooram/Desktop/EOU/deliverables/EOU-ML-Workshop/crops/data/raw_crop_images/alfalfa/img/9137824.jpg,/Users/tadhglooram/Desktop/EOU/deliverables/EOU-ML-Workshop/crops/data/crop_images/train/alfalfa/alfalfa_0015.jpg,375,500,160,160
train,alfalfa,/Users/tadhglooram/Desktop/EOU/deliverables/EOU-ML-Workshop/crops/data/raw_crop_images/alfalfa/img/11406712.jpeg,/Users/tadhglooram/Desktop/EOU/deliverables/EOU-ML-Workshop/crops/data/crop_images/train/alfalfa/alfalfa_0016.jpg,360,480,160,160
train,alfalfa,/Users/tadhglooram/Desktop/EOU/deliverables/EOU-ML-Workshop/crops/data/raw_crop_images/alfalfa/img/16879277.jpeg,/Users/tadhglooram/Desktop/EOU/deliverables/EOU-ML-Workshop/crops/data/crop_images/train/alfalfa/alfalfa_0017.jpg,281,500,160,160
train,alfalfa,/Users/tadhglooram/Desktop/EOU/deliverables/EOU-ML-Workshop/crops/data/raw_crop_images/alfalfa/img/14864254.jpeg,/Users/tadhglooram/Desktop/EOU/deliverables/EOU-ML-Workshop/crops/data/crop_images/train/alfalfa/alfalfa_0018.jpg,375,500,160,160
train,alfalfa,/Users/tadhglooram/Desktop/EOU/deliverables/EOU-ML-Workshop/crops/data/raw_crop_images/alfalfa/img/15924286.jpeg,/Users/tadhglooram/Desktop/EOU/deliverables/EOU-ML-Workshop/crops/data/crop_images/train/alfalfa/alfalfa_0019.jpg,375,500,160,160
train,alfalfa,/Users/tadhglooram/Desktop/EOU/deliverables/EOU-ML-Workshop/crops/data/raw_crop_images/alfalfa/img/436969.JPG,/Users/tadhglooram/Desktop/EOU/deliverables/EOU-ML-Workshop/crops/data/crop_images/train/alfalfa/alfalfa_0020.jpg,500,500,160,160
train,alfalfa,/Users/tadhglooram/Desktop/EOU/deliverables/EOU-ML-Workshop/crops/data/raw_crop_images/alfalfa/img/8188077.jpg,/Users/tadhglooram/Desktop/EOU/deliverables/EOU-ML-Workshop/crops/data/crop_images/train/alfalfa/alfalfa_0021.jpg,375,500,160,160
train,alfalfa,/Users/tadhglooram/Desktop/EOU/deliverables/EOU-ML-Workshop/crops/data/raw_crop_images/alfalfa/img/6279138.jpg,/Users/tadhglooram/Desktop/EOU/deliverables/EOU-ML-Workshop/crops/data/crop_images/train/alfalfa/alfalfa_0022.jpg,500,375,160,160
train,alfalfa,/Users/tadhglooram/Desktop/EOU/deliverables/EOU-ML-Workshop/crops/data/raw_crop_images/alfalfa/img/11883541.jpg,/Users/tadhglooram/Desktop/EOU/deliverables/EOU-ML-Workshop/crops/data/crop_images/train/alfalfa/alfalfa_0023.jpg,500,387,160,160
train,alfalfa,/Users/tadhglooram/Desktop/EOU/deliverables/EOU-ML-Workshop/crops/data/raw_crop_images/alfalfa/img/13344181.jpg,/Users/tadhglooram/Desktop/EOU/deliverables/EOU-ML-Workshop/crops/data/crop_images/train/alfalfa/alfalfa_0024.jpg,375,500,160,160
train,alfalfa,/Users/tadhglooram/Desktop/EOU/deliverables/EOU-ML-Workshop/crops/data/raw_crop_images/alfalfa/img/6945849.jpeg,/Users/tadhglooram/Desktop/EOU/deliverables/EOU-ML-Workshop/crops/data/crop_images/train/alfalfa/alfalfa_0025.jpg,375,500,160,160
train,alfalfa,/Users/tadhglooram/Desktop/EOU/deliverables/EOU-ML-Workshop/crops/data/raw_crop_images/alfalfa/img/4618989.jpg,/Users/tadhglooram/Desktop/EOU/deliverables/EOU-ML-Workshop/crops/data/crop_images/train/alfalfa/alfalfa_0026.jpg,500,334,160,160
train,alfalfa,/Users/tadhglooram/Desktop/EOU/deliverables/EOU-ML-Workshop/crops/data/raw_crop_images/alfalfa/img/7631933.jpg,/Users/tadhglooram/Desktop/EOU/deliverables/EOU-ML-Workshop/crops/data/crop_images/train/alfalfa/alfalfa_0027.jpg,500,324,160,160
train,alfalfa,/Users/tadhglooram/Desktop/EOU/deliverables/EOU-ML-Workshop/crops/data/raw_crop_images/alfalfa/img/6580946.jpg,/Users/tadhglooram/Desktop/EOU/deliverables/EOU-ML-Workshop/crops/data/crop_images/train/alfalfa/alfalfa_0028.jpg,375,500,160,160
train,alfalfa,/Users/tadhglooram/Desktop/EOU/deliverables/EOU-ML-Workshop/crops/data/raw_crop_images/alfalfa/img/15829057.jpg,/Users/tadhglooram/Desktop/EOU/deliverables/EOU-ML-Workshop/crops/data/crop_images/train/alfalfa/alfalfa_0029.jpg,375,500,160,160
train,alfalfa,/Users/tadhglooram/Desktop/EOU/deliverables/EOU-ML-Workshop/crops/data/raw_crop_images/alfalfa/img/15937898.jpg,/Users/tadhglooram/Desktop/EOU/deliverables/EOU-ML-Workshop/crops/data/crop_images/train/alfalfa/alfalfa_0030.jpg,500,426,160,160
train,alfalfa,/Users/tadhglooram/Desktop/EOU/deliverables/EOU-ML-Workshop/crops/data/raw_crop_images/alfalfa/img/16051203.jpg,/Users/tadhglooram/Desktop/EOU/deliverables/EOU-ML-Workshop/crops/data/crop_images/train/alfalfa/alfalfa_0031.jpg,500,333,160,160
train,alfalfa,/Users/tadhglooram/Desktop/EOU/deliverables/EOU-ML-Workshop/crops/data/raw_crop_images/alfalfa/img/12181010.jpg,/Users/tadhglooram/Desktop/EOU/deliverables/EOU-ML-Workshop/crops/data/crop_images/train/alfalfa/alfalfa_0032.jpg,375,500,160,160
train,alfalfa,/Users/tadhglooram/Desktop/EOU/deliverables/EOU-ML-Workshop/crops/data/raw_crop_images/alfalfa/img/3969164.jpg,/Users/tadhglooram/Desktop/EOU/deliverables/EOU-ML-Workshop/crops/data/crop_images/train/alfalfa/alfalfa_0033.jpg,375,500,160,160
train,alfalfa,/Users/tadhglooram/Desktop/EOU/deliverables/EOU-ML-Workshop/crops/data/raw_crop_images/alfalfa/img/15546134.jpeg,/Users/tadhglooram/Desktop/EOU/deliverables/EOU-ML-Workshop/crops/data/crop_images/train/alfalfa/alfalfa_0034.jpg,500,375,160,160
train,alfalfa,/Users/tadhglooram/Desktop/EOU/deliverables/EOU-ML-Workshop/crops/data/raw_crop_images/alfalfa/img/14202980.jpg,/Users/tadhglooram/Desktop/EOU/deliverables/EOU-ML-Workshop/crops/data/crop_images/train/alfalfa/alfalfa_0035.jpg,500,375,160,160
train,alfalfa,/Users/tadhglooram/Desktop/EOU/deliverables/EOU-ML-Workshop/crops/data/raw_crop_images/alfalfa/img/6926349.jpg,/Users/tadhglooram/Desktop/EOU/deliverables/EOU-ML-Workshop/crops/data/crop_images/train/alfalfa/alfalfa_0036.jpg,375,500,160,160
train,alfalfa,/Users/tadhglooram/Desktop/EOU/deliverables/EOU-ML-Workshop/crops/data/raw_crop_images/alfalfa/img/12912826.jpg,/Users/tadhglooram/Desktop/EOU/deliverables/EOU-ML-Workshop/crops/data/crop_images/train/alfalfa/alfalfa_0037.jpg,423,500,160,160
train,alfalfa,/Users/tadhglooram/Desktop/EOU/deliverables/EOU-ML-Workshop/crops/data/raw_crop_images/alfalfa/img/7745608.jpeg,/Users/tadhglooram/Desktop/EOU/deliverables/EOU-ML-Workshop/crops/data/crop_images/train/alfalfa/alfalfa_0038.jpg,500,419,160,160
train,alfalfa,/Users/tadhglooram/Desktop/EOU/deliverables/EOU-ML-Workshop/crops/data/raw_crop_images/alfalfa/img/15379838.jpg,/Users/tadhglooram/Desktop/EOU/deliverables/EOU-ML-Workshop/crops/data/crop_images/train/alfalfa/alfalfa_0039.jpg,500,333,160,160
train,alfalfa,/Users/tadhglooram/Desktop/EOU/deliverables/EOU-ML-Workshop/crops/data/raw_crop_images/alfalfa/img/14864121.jpeg,/Users/tadhglooram/Desktop/EOU/deliverables/EOU-ML-Workshop/crops/data/crop_images/train/alfalfa/alfalfa_0040.jpg,375,500,160,160
train,alfalfa,/Users/tadhglooram/Desktop/EOU/deliverables/EOU-ML-Workshop/crops/data/raw_crop_images/alfalfa/img/14123127.jpg,/Users/tadhglooram/Desktop/EOU/deliverables/EOU-ML-Workshop/crops/data/crop_images/train/alfalfa/alfalfa_0041.jpg,375,500,160,160
train,alfalfa,/Users/tadhglooram/Desktop/EOU/deliverables/EOU-ML-Workshop/crops/data/raw_crop_images/alfalfa/img/390813.JPG,/Users/tadhglooram/Desktop/EOU/deliverables/EOU-ML-Workshop/crops/data/crop_images/train/alfalfa/alfalfa_0042.jpg,500,375,160,160
train,alfalfa,/Users/tadhglooram/Desktop/EOU/deliverables/EOU-ML-Workshop/crops/data/raw_crop_images/alfalfa/img/16804548.jpg,/Users/tadhglooram/Desktop/EOU/deliverables/EOU-ML-Workshop/crops/data/crop_images/train/alfalfa/alfalfa_0043.jpg,375,500,160,160
train,alfalfa,/Users/tadhglooram/Desktop/EOU/deliverables/EOU-ML-Workshop/crops/data/raw_crop_images/alfalfa/img/15861582.jpg,/Users/tadhglooram/Desktop/EOU/deliverables/EOU-ML-Workshop/crops/data/crop_images/train/alfalfa/alfalfa_0044.jpg,375,500,160,160
train,alfalfa,/Users/tadhglooram/Desktop/EOU/deliverables/EOU-ML-Workshop/crops/data/raw_crop_images/alfalfa/img/3632574.jpg,/Users/tadhglooram/Desktop/EOU/deliverables/EOU-ML-Workshop/crops/data/crop_images/train/alfalfa/alfalfa_0045.jpg,500,333,160,160
train,alfalfa,/Users/tadhglooram/Desktop/EOU/deliverables/EOU-ML-Workshop/crops/data/raw_crop_images/alfalfa/img/6062664.jpeg,/Users/tadhglooram/Desktop/EOU/deliverables/EOU-ML-Workshop/crops/data/crop_images/train/alfalfa/alfalfa_0046.jpg,500,333,160,160
train,alfalfa,/Users/tadhglooram/Desktop/EOU/deliverables/EOU-ML-Workshop/crops/data/raw_crop_images/alfalfa/img/1584473.JPG,/Users/tadhglooram/Desktop/EOU/deliverables/EOU-ML-Workshop/crops/data/crop_images/train/alfalfa/alfalfa_0047.jpg,421,500,160,160
train,alfalfa,/Users/tadhglooram/Desktop/EOU/deliverables/EOU-ML-Workshop/crops/data/raw_crop_images/alfalfa/img/12960063.jpg,/Users/tadhglooram/Desktop/EOU/deliverables/EOU-ML-Workshop/crops/data/crop_images/train/alfalfa/alfalfa_0048.jpg,281,500,160,160
train,alfalfa,/Users/tadhglooram/Desktop/EOU/deliverables/EOU-ML-Workshop/crops/data/raw_crop_images/alfalfa/img/3504025.JPG,/Users/tadhglooram/Desktop/EOU/deliverables/EOU-ML-Workshop/crops/data/crop_images/train/alfalfa/alfalfa_0049.jpg,375,500,160,160
train,alfalfa,/Users/tadhglooram/Desktop/EOU/deliverables/EOU-ML-Workshop/crops/data/raw_crop_images/alfalfa/img/1833643.jpg,/Users/tadhglooram/Desktop/EOU/deliverables/EOU-ML-Workshop/crops/data/crop_images/train/alfalfa/alfalfa_0050.jpg,375,500,160,160
train,alfalfa,/Users/tadhglooram/Desktop/EOU/deliverables/EOU-ML-Workshop/crops/data/raw_crop_images/alfalfa/img/15569186.jpeg,/Users/tadhglooram/Desktop/EOU/deliverables/EOU-ML-Workshop/crops/data/crop_images/train/alfalfa/alfalfa_0051.jpg,375,500,160,160
train,alfalfa,/Users/tadhglooram/Desktop/EOU/deliverables/EOU-ML-Workshop/crops/data/raw_crop_images/alfalfa/img/1392388.jpg,/Users/tadhglooram/Desktop/EOU/deliverables/EOU-ML-Workshop/crops/data/crop_images/train/alfalfa/alfalfa_0052.jpg,500,375,160,160
train,alfalfa,/Users/tadhglooram/Desktop/EOU/deliverables/EOU-ML-Workshop/crops/data/raw_crop_images/alfalfa/img/7551944.jpg,/Users/tadhglooram/Desktop/EOU/deliverables/EOU-ML-Workshop/crops/data/crop_images/train/alfalfa/alfalfa_0053.jpg,375,500,160,160
train,alfalfa,/Users/tadhglooram/Desktop/EOU/deliverables/EOU-ML-Workshop/crops/data/raw_crop_images/alfalfa/img/525883.jpg,/Users/tadhglooram/Desktop/EOU/deliverables/EOU-ML-Workshop/crops/data/crop_images/train/alfalfa/alfalfa_0054.jpg,500,340,160,160
train,alfalfa,/Users/tadhglooram/Desktop/EOU/deliverables/EOU-ML-Workshop/crops/data/raw_crop_images/alfalfa/img/93122.jpg,/Users/tadhglooram/Desktop/EOU/deliverables/EOU-ML-Workshop/crops/data/crop_images/train/alfalfa/alfalfa_0055.jpg,500,421,160,160
train,alfalfa,/Users/tadhglooram/Desktop/EOU/deliverables/EOU-ML-Workshop/crops/data/raw_crop_images/alfalfa/img/17045862.jpg,/Users/tadhglooram/Desktop/EOU/deliverables/EOU-ML-Workshop/crops/data/crop_images/train/alfalfa/alfalfa_0056.jpg,375,500,160,160
train,alfalfa,/Users/tadhglooram/Desktop/EOU/deliverables/EOU-ML-Workshop/crops/data/raw_crop_images/alfalfa/img/307538.JPG,/Users/tadhglooram/Desktop/EOU/deliverables/EOU-ML-Workshop/crops/data/crop_images/train/alfalfa/alfalfa_0057.jpg,500,375,160,160
train,alfalfa,/Users/tadhglooram/Desktop/EOU/deliverables/EOU-ML-Workshop/crops/data/raw_crop_images/alfalfa/img/7549639.jpg,/Users/tadhglooram/Desktop/EOU/deliverables/EOU-ML-Workshop/crops/data/crop_images/train/alfalfa/alfalfa_0058.jpg,500,400,160,160
train,alfalfa,/Users/tadhglooram/Desktop/EOU/deliverables/EOU-ML-Workshop/crops/data/raw_crop_images/alfalfa/img/14549857.jpeg,/Users/tadhglooram/Desktop/EOU/deliverables/EOU-ML-Workshop/crops/data/crop_images/train/alfalfa/alfalfa_0059.jpg,500,500,160,160
train,alfalfa,/Users/tadhglooram/Desktop/EOU/deliverables/EOU-ML-Workshop/crops/data/raw_crop_images/alfalfa/img/15828379.jpeg,/Users/tadhglooram/Desktop/EOU/deliverables/EOU-ML-Workshop/crops/data/crop_images/train/alfalfa/alfalfa_0060.jpg,500,375,160,160
train,alfalfa,/Users/tadhglooram/Desktop/EOU/deliverables/EOU-ML-Workshop/crops/data/raw_crop_images/alfalfa/img/4197025.jpg,/Users/tadhglooram/Desktop/EOU/deliverables/EOU-ML-Workshop/crops/data/crop_images/train/alfalfa/alfalfa_0061.jpg,500,375,160,160
train,alfalfa,/Users/tadhglooram/Desktop/EOU/deliverables/EOU-ML-Workshop/crops/data/raw_crop_images/alfalfa/img/6911114.jpeg,/Users/tadhglooram/Desktop/EOU/deliverables/EOU-ML-Workshop/crops/data/crop_images/train/alfalfa/alfalfa_0062.jpg,500,375,160,160
train,alfalfa,/Users/tadhglooram/Desktop/EOU/deliverables/EOU-ML-Workshop/crops/data/raw_crop_images/alfalfa/img/3972238.jpeg,/Users/tadhglooram/Desktop/EOU/deliverables/EOU-ML-Workshop/crops/data/crop_images/train/alfalfa/alfalfa_0063.jpg,500,333,160,160
train,alfalfa,/Users/tadhglooram/Desktop/EOU/deliverables/EOU-ML-Workshop/crops/data/raw_crop_images/alfalfa/img/6474133.jpg,/Users/tadhglooram/Desktop/EOU/deliverables/EOU-ML-Workshop/crops/data/crop_images/train/alfalfa/alfalfa_0064.jpg,500,375,160,160
train,alfalfa,/Users/tadhglooram/Desktop/EOU/deliverables/EOU-ML-Workshop/crops/data/raw_crop_images/alfalfa/img/15355657.jpeg,/Users/tadhglooram/Desktop/EOU/deliverables/EOU-ML-Workshop/crops/data/crop_images/train/alfalfa/alfalfa_0065.jpg,500,375,160,160
train,alfalfa,/Users/tadhglooram/Desktop/EOU/deliverables/EOU-ML-Workshop/crops/data/raw_crop_images/alfalfa/img/7354981.jpg,/Users/tadhglooram/Desktop/EOU/deliverables/EOU-ML-Workshop/crops/data/crop_images/train/alfalfa/alfalfa_0066.jpg,411,500,160,160
train,alfalfa,/Users/tadhglooram/Desktop/EOU/deliverables/EOU-ML-Workshop/crops/data/raw_crop_images/alfalfa/img/12200035.jpg,/Users/tadhglooram/Desktop/EOU/deliverables/EOU-ML-Workshop/crops/data/crop_images/train/alfalfa/alfalfa_0067.jpg,375,500,160,160
train,alfalfa,/Users/tadhglooram/Desktop/EOU/deliverables/EOU-ML-Workshop/crops/data/raw_crop_images/alfalfa/img/3748976.jpg,/Users/tadhglooram/Desktop/EOU/deliverables/EOU-ML-Workshop/crops/data/crop_images/train/alfalfa/alfalfa_0068.jpg,500,333,160,160
train,alfalfa,/Users/tadhglooram/Desktop/EOU/deliverables/EOU-ML-Workshop/crops/data/raw_crop_images/alfalfa/img/7798983.jpg,/Users/tadhglooram/Desktop/EOU/deliverables/EOU-ML-Workshop/crops/data/crop_images/train/alfalfa/alfalfa_0069.jpg,375,500,160,160
train,alfalfa,/Users/tadhglooram/Desktop/EOU/deliverables/EOU-ML-Workshop/crops/data/raw_crop_images/alfalfa/img/14790884.jpg,/Users/tadhglooram/Desktop/EOU/deliverables/EOU-ML-Workshop/crops/data/crop_images/train/alfalfa/alfalfa_0070.jpg,375,500,160,160
train,alfalfa,/Users/tadhglooram/Desktop/EOU/deliverables/EOU-ML-Workshop/crops/data/raw_crop_images/alfalfa/img/98386.jpg,/Users/tadhglooram/Desktop/EOU/deliverables/EOU-ML-Workshop/crops/data/crop_images/train/alfalfa/alfalfa_0071.jpg,375,500,160,160
train,alfalfa,/Users/tadhglooram/Desktop/EOU/deliverables/EOU-ML-Workshop/crops/data/raw_crop_images/alfalfa/img/7011238.jpg,/Users/tadhglooram/Desktop/EOU/deliverables/EOU-ML-Workshop/crops/data/crop_images/train/alfalfa/alfalfa_0072.jpg,375,500,160,160
train,alfalfa,/Users/tadhglooram/Desktop/EOU/deliverables/EOU-ML-Workshop/crops/data/raw_crop_images/alfalfa/img/2985911.JPG,/Users/tadhglooram/Desktop/EOU/deliverables/EOU-ML-Workshop/crops/data/crop_images/train/alfalfa/alfalfa_0073.jpg,500,333,160,160
train,alfalfa,/Users/tadhglooram/Desktop/EOU/deliverables/EOU-ML-Workshop/crops/data/raw_crop_images/alfalfa/img/3670324.jpg,/Users/tadhglooram/Desktop/EOU/deliverables/EOU-ML-Workshop/crops/data/crop_images/train/alfalfa/alfalfa_0074.jpg,375,500,160,160
train,alfalfa,/Users/tadhglooram/Desktop/EOU/deliverables/EOU-ML-Workshop/crops/data/raw_crop_images/alfalfa/img/7649530.jpeg,/Users/tadhglooram/Desktop/EOU/deliverables/EOU-ML-Workshop/crops/data/crop_images/train/alfalfa/alfalfa_0075.jpg,409,500,160,160
train,alfalfa,/Users/tadhglooram/Desktop/EOU/deliverables/EOU-ML-Workshop/crops/data/raw_crop_images/alfalfa/img/7054008.jpg,/Users/tadhglooram/Desktop/EOU/deliverables/EOU-ML-Workshop/crops/data/crop_images/train/alfalfa/alfalfa_0076.jpg,500,281,160,160
train,alfalfa,/Users/tadhglooram/Desktop/EOU/deliverables/EOU-ML-Workshop/crops/data/raw_crop_images/alfalfa/img/14191489.jpg,/Users/tadhglooram/Desktop/EOU/deliverables/EOU-ML-Workshop/crops/data/crop_images/train/alfalfa/alfalfa_0077.jpg,500,357,160,160
train,alfalfa,/Users/tadhglooram/Desktop/EOU/deliverables/EOU-ML-Workshop/crops/data/raw_crop_images/alfalfa/img/6228747.jpg,/Users/tadhglooram/Desktop/EOU/deliverables/EOU-ML-Workshop/crops/data/crop_images/train/alfalfa/alfalfa_0078.jpg,500,375,160,160
train,alfalfa,/Users/tadhglooram/Desktop/EOU/deliverables/EOU-ML-Workshop/crops/data/raw_crop_images/alfalfa/img/13405744.jpg,/Users/tadhglooram/Desktop/EOU/deliverables/EOU-ML-Workshop/crops/data/crop_images/train/alfalfa/alfalfa_0079.jpg,375,500,160,160
train,alfalfa,/Users/tadhglooram/Desktop/EOU/deliverables/EOU-ML-Workshop/crops/data/raw_crop_images/alfalfa/img/6659908.jpeg,/Users/tadhglooram/Desktop/EOU/deliverables/EOU-ML-Workshop/crops/data/crop_images/train/alfalfa/alfalfa_0080.jpg,281,500,160,160
train,alfalfa,/Users/tadhglooram/Desktop/EOU/deliverables/EOU-ML-Workshop/crops/data/raw_crop_images/alfalfa/img/12693716.jpg,/Users/tadhglooram/Desktop/EOU/deliverables/EOU-ML-Workshop/crops/data/crop_images/train/alfalfa/alfalfa_0081.jpg,375,500,160,160
train,alfalfa,/Users/tadhglooram/Desktop/EOU/deliverables/EOU-ML-Workshop/crops/data/raw_crop_images/alfalfa/img/2886243.JPG,/Users/tadhglooram/Desktop/EOU/deliverables/EOU-ML-Workshop/crops/data/crop_images/train/alfalfa/alfalfa_0082.jpg,500,333,160,160
train,alfalfa,/Users/tadhglooram/Desktop/EOU/deliverables/EOU-ML-Workshop/crops/data/raw_crop_images/alfalfa/img/14309418.jpg,/Users/tadhglooram/Desktop/EOU/deliverables/EOU-ML-Workshop/crops/data/crop_images/train/alfalfa/alfalfa_0083.jpg,500,500,160,160
train,alfalfa,/Users/tadhglooram/Desktop/EOU/deliverables/EOU-ML-Workshop/crops/data/raw_crop_images/alfalfa/img/8504867.jpeg,/Users/tadhglooram/Desktop/EOU/deliverables/EOU-ML-Workshop/crops/data/crop_images/train/alfalfa/alfalfa_0084.jpg,375,500,160,160
train,alfalfa,/Users/tadhglooram/Desktop/EOU/deliverables/EOU-ML-Workshop/crops/data/raw_crop_images/alfalfa/img/6823122.jpeg,/Users/tadhglooram/Desktop/EOU/deliverables/EOU-ML-Workshop/crops/data/crop_images/train/alfalfa/alfalfa_0085.jpg,500,333,160,160
train,alfalfa,/Users/tadhglooram/Desktop/EOU/deliverables/EOU-ML-Workshop/crops/data/raw_crop_images/alfalfa/img/15063654.jpeg,/Users/tadhglooram/Desktop/EOU/deliverables/EOU-ML-Workshop/crops/data/crop_images/train/alfalfa/alfalfa_0086.jpg,335,500,160,160
train,alfalfa,/Users/tadhglooram/Desktop/EOU/deliverables/EOU-ML-Workshop/crops/data/raw_crop_images/alfalfa/img/13368944.jpg,/Users/tadhglooram/Desktop/EOU/deliverables/EOU-ML-Workshop/crops/data/crop_images/train/alfalfa/alfalfa_0087.jpg,375,500,160,160
train,alfalfa,/Users/tadhglooram/Desktop/EOU/deliverables/EOU-ML-Workshop/crops/data/raw_crop_images/alfalfa/img/4579692.jpg,/Users/tadhglooram/Desktop/EOU/deliverables/EOU-ML-Workshop/crops/data/crop_images/train/alfalfa/alfalfa_0088.jpg,500,500,160,160
train,alfalfa,/Users/tadhglooram/Desktop/EOU/deliverables/EOU-ML-Workshop/crops/data/raw_crop_images/alfalfa/img/2117844.jpg,/Users/tadhglooram/Desktop/EOU/deliverables/EOU-ML-Workshop/crops/data/crop_images/train/alfalfa/alfalfa_0089.jpg,500,333,160,160
train,alfalfa,/Users/tadhglooram/Desktop/EOU/deliverables/EOU-ML-Workshop/crops/data/raw_crop_images/alfalfa/img/753590.jpg,/Users/tadhglooram/Desktop/EOU/deliverables/EOU-ML-Workshop/crops/data/crop_images/train/alfalfa/alfalfa_0090.jpg,500,333,160,160
train,alfalfa,/Users/tadhglooram/Desktop/EOU/deliverables/EOU-ML-Workshop/crops/data/raw_crop_images/alfalfa/img/8851078.jpeg,/Users/tadhglooram/Desktop/EOU/deliverables/EOU-ML-Workshop/crops/data/crop_images/train/alfalfa/alfalfa_0091.jpg,281,500,160,160
train,alfalfa,/Users/tadhglooram/Desktop/EOU/deliverables/EOU-ML-Workshop/crops/data/raw_crop_images/alfalfa/img/5525206.jpg,/Users/tadhglooram/Desktop/EOU/deliverables/EOU-ML-Workshop/crops/data/crop_images/train/alfalfa/alfalfa_0092.jpg,500,500,160,160
train,alfalfa,/Users/tadhglooram/Desktop/EOU/deliverables/EOU-ML-Workshop/crops/data/raw_crop_images/alfalfa/img/6881199.jpeg,/Users/tadhglooram/Desktop/EOU/deliverables/EOU-ML-Workshop/crops/data/crop_images/train/alfalfa/alfalfa_0093.jpg,500,375,160,160
train,alfalfa,/Users/tadhglooram/Desktop/EOU/deliverables/EOU-ML-Workshop/crops/data/raw_crop_images/alfalfa/img/3915378.jpeg,/Users/tadhglooram/Desktop/EOU/deliverables/EOU-ML-Workshop/crops/data/crop_images/train/alfalfa/alfalfa_0094.jpg,500,333,160,160
train,alfalfa,/Users/tadhglooram/Desktop/EOU/deliverables/EOU-ML-Workshop/crops/data/raw_crop_images/alfalfa/img/526889.jpg,/Users/tadhglooram/Desktop/EOU/deliverables/EOU-ML-Workshop/crops/data/crop_images/train/alfalfa/alfalfa_0095.jpg,500,334,160,160
train,alfalfa,/Users/tadhglooram/Desktop/EOU/deliverables/EOU-ML-Workshop/crops/data/raw_crop_images/alfalfa/img/6758634.jpeg,/Users/tadhglooram/Desktop/EOU/deliverables/EOU-ML-Workshop/crops/data/crop_images/train/alfalfa/alfalfa_0096.jpg,500,375,160,160
train,alfalfa,/Users/tadhglooram/Desktop/EOU/deliverables/EOU-ML-Workshop/crops/data/raw_crop_images/alfalfa/img/14183045.jpg,/Users/tadhglooram/Desktop/EOU/deliverables/EOU-ML-Workshop/crops/data/crop_images/train/alfalfa/alfalfa_0097.jpg,500,357,160,160
train,alfalfa,/Users/tadhglooram/Desktop/EOU/deliverables/EOU-ML-Workshop/crops/data/raw_crop_images/alfalfa/img/2985999.jpg,/Users/tadhglooram/Desktop/EOU/deliverables/EOU-ML-Workshop/crops/data/crop_images/train/alfalfa/alfalfa_0098.jpg,375,500,160,160
train,alfalfa,/Users/tadhglooram/Desktop/EOU/deliverables/EOU-ML-Workshop/crops/data/raw_crop_images/alfalfa/img/6340297.jpeg,/Users/tadhglooram/Desktop/EOU/deliverables/EOU-ML-Workshop/crops/data/crop_images/train/alfalfa/alfalfa_0099.jpg,500,368,160,160
train,alfalfa,/Users/tadhglooram/Desktop/EOU/deliverables/EOU-ML-Workshop/crops/data/raw_crop_images/alfalfa/img/79699.jpg,/Users/tadhglooram/Desktop/EOU/deliverables/EOU-ML-Workshop/crops/data/crop_images/train/alfalfa/alfalfa_0100.jpg,299,500,160,160
train,alfalfa,/Users/tadhglooram/Desktop/EOU/deliverables/EOU-ML-Workshop/crops/data/raw_crop_images/alfalfa/img/3632571.jpg,/Users/tadhglooram/Desktop/EOU/deliverables/EOU-ML-Workshop/crops/data/crop_images/train/alfalfa/alfalfa_0101.jpg,500,333,160,160
train,alfalfa,/Users/tadhglooram/Desktop/EOU/deliverables/EOU-ML-Workshop/crops/data/raw_crop_images/alfalfa/img/13899338.jpg,/Users/tadhglooram/Desktop/EOU/deliverables/EOU-ML-Workshop/crops/data/crop_images/train/alfalfa/alfalfa_0102.jpg,375,500,160,160
train,alfalfa,/Users/tadhglooram/Desktop/EOU/deliverables/EOU-ML-Workshop/crops/data/raw_crop_images/alfalfa/img/16294736.jpg,/Users/tadhglooram/Desktop/EOU/deliverables/EOU-ML-Workshop/crops/data/crop_images/train/alfalfa/alfalfa_0103.jpg,500,375,160,160
train,alfalfa,/Users/tadhglooram/Desktop/EOU/deliverables/EOU-ML-Workshop/crops/data/raw_crop_images/alfalfa/img/14995780.jpg,/Users/tadhglooram/Desktop/EOU/deliverables/EOU-ML-Workshop/crops/data/crop_images/train/alfalfa/alfalfa_0104.jpg,375,500,160,160
train,alfalfa,/Users/tadhglooram/Desktop/EOU/deliverables/EOU-ML-Workshop/crops/data/raw_crop_images/alfalfa/img/1848944.JPG,/Users/tadhglooram/Desktop/EOU/deliverables/EOU-ML-Workshop/crops/data/crop_images/train/alfalfa/alfalfa_0105.jpg,500,374,160,160
train,alfalfa,/Users/tadhglooram/Desktop/EOU/deliverables/EOU-ML-Workshop/crops/data/raw_crop_images/alfalfa/img/1940398.jpg,/Users/tadhglooram/Desktop/EOU/deliverables/EOU-ML-Workshop/crops/data/crop_images/train/alfalfa/alfalfa_0106.jpg,500,333,160,160
train,alfalfa,/Users/tadhglooram/Desktop/EOU/deliverables/EOU-ML-Workshop/crops/data/raw_crop_images/alfalfa/img/4619014.jpg,/Users/tadhglooram/Desktop/EOU/deliverables/EOU-ML-Workshop/crops/data/crop_images/train/alfalfa/alfalfa_0107.jpg,500,333,160,160
train,alfalfa,/Users/tadhglooram/Desktop/EOU/deliverables/EOU-ML-Workshop/crops/data/raw_crop_images/alfalfa/img/14622429.jpeg,/Users/tadhglooram/Desktop/EOU/deliverables/EOU-ML-Workshop/crops/data/crop_images/train/alfalfa/alfalfa_0108.jpg,375,500,160,160
train,alfalfa,/Users/tadhglooram/Desktop/EOU/deliverables/EOU-ML-Workshop/crops/data/raw_crop_images/alfalfa/img/9350181.jpeg,/Users/tadhglooram/Desktop/EOU/deliverables/EOU-ML-Workshop/crops/data/crop_images/train/alfalfa/alfalfa_0109.jpg,500,342,160,160
val,alfalfa,/Users/tadhglooram/Desktop/EOU/deliverables/EOU-ML-Workshop/crops/data/raw_crop_images/alfalfa/img/12697279.jpg,/Users/tadhglooram/Desktop/EOU/deliverables/EOU-ML-Workshop/crops/data/crop_images/val/alfalfa/alfalfa_0000.jpg,375,500,160,160
val,alfalfa,/Users/tadhglooram/Desktop/EOU/deliverables/EOU-ML-Workshop/crops/data/raw_crop_images/alfalfa/img/6902521.jpg,/Users/tadhglooram/Desktop/EOU/deliverables/EOU-ML-Workshop/crops/data/crop_images/val/alfalfa/alfalfa_0001.jpg,500,333,160,160
val,alfalfa,/Users/tadhglooram/Desktop/EOU/deliverables/EOU-ML-Workshop/crops/data/raw_crop_images/alfalfa/img/12958446.jpg,/Users/tadhglooram/Desktop/EOU/deliverables/EOU-ML-Workshop/crops/data/crop_images/val/alfalfa/alfalfa_0002.jpg,500,452,160,160
val,alfalfa,/Users/tadhglooram/Desktop/EOU/deliverables/EOU-ML-Workshop/crops/data/raw_crop_images/alfalfa/img/15983002.jpeg,/Users/tadhglooram/Desktop/EOU/deliverables/EOU-ML-Workshop/crops/data/crop_images/val/alfalfa/alfalfa_0003.jpg,500,333,160,160
val,alfalfa,/Users/tadhglooram/Desktop/EOU/deliverables/EOU-ML-Workshop/crops/data/raw_crop_images/alfalfa/img/15704637.jpg,/Users/tadhglooram/Desktop/EOU/deliverables/EOU-ML-Workshop/crops/data/crop_images/val/alfalfa/alfalfa_0004.jpg,500,375,160,160
val,alfalfa,/Users/tadhglooram/Desktop/EOU/deliverables/EOU-ML-Workshop/crops/data/raw_crop_images/alfalfa/img/3685295.jpeg,/Users/tadhglooram/Desktop/EOU/deliverables/EOU-ML-Workshop/crops/data/crop_images/val/alfalfa/alfalfa_0005.jpg,500,335,160,160
val,alfalfa,/Users/tadhglooram/Desktop/EOU/deliverables/EOU-ML-Workshop/crops/data/raw_crop_images/alfalfa/img/12333259.jpg,/Users/tadhglooram/Desktop/EOU/deliverables/EOU-ML-Workshop/crops/data/crop_images/val/alfalfa/alfalfa_0006.jpg,500,473,160,160
val,alfalfa,/Users/tadhglooram/Desktop/EOU/deliverables/EOU-ML-Workshop/crops/data/raw_crop_images/alfalfa/img/4437241.jpeg,/Users/tadhglooram/Desktop/EOU/deliverables/EOU-ML-Workshop/crops/data/crop_images/val/alfalfa/alfalfa_0007.jpg,500,333,160,160
val,alfalfa,/Users/tadhglooram/Desktop/EOU/deliverables/EOU-ML-Workshop/crops/data/raw_crop_images/alfalfa/img/14231398.jpg,/Users/tadhglooram/Desktop/EOU/deliverables/EOU-ML-Workshop/crops/data/crop_images/val/alfalfa/alfalfa_0008.jpg,375,500,160,160
val,alfalfa,/Users/tadhglooram/Desktop/EOU/deliverables/EOU-ML-Workshop/crops/data/raw_crop_images/alfalfa/img/1795194.jpg,/Users/tadhglooram/Desktop/EOU/deliverables/EOU-ML-Workshop/crops/data/crop_images/val/alfalfa/alfalfa_0009.jpg,375,500,160,160
val,alfalfa,/Users/tadhglooram/Desktop/EOU/deliverables/EOU-ML-Workshop/crops/data/raw_crop_images/alfalfa/img/14931425.jpeg,/Users/tadhglooram/Desktop/EOU/deliverables/EOU-ML-Workshop/crops/data/crop_images/val/alfalfa/alfalfa_0010.jpg,500,400,160,160
val,alfalfa,/Users/tadhglooram/Desktop/EOU/deliverables/EOU-ML-Workshop/crops/data/raw_crop_images/alfalfa/img/730329.jpg,/Users/tadhglooram/Desktop/EOU/deliverables/EOU-ML-Workshop/crops/data/crop_images/val/alfalfa/alfalfa_0011.jpg,500,363,160,160
val,alfalfa,/Users/tadhglooram/Desktop/EOU/deliverables/EOU-ML-Workshop/crops/data/raw_crop_images/alfalfa/img/14975419.jpg,/Users/tadhglooram/Desktop/EOU/deliverables/EOU-ML-Workshop/crops/data/crop_images/val/alfalfa/alfalfa_0012.jpg,375,500,160,160
val,alfalfa,/Users/tadhglooram/Desktop/EOU/deliverables/EOU-ML-Workshop/crops/data/raw_crop_images/alfalfa/img/12851683.jpeg,/Users/tadhglooram/Desktop/EOU/deliverables/EOU-ML-Workshop/crops/data/crop_images/val/alfalfa/alfalfa_0013.jpg,300,500,160,160
val,alfalfa,/Users/tadhglooram/Desktop/EOU/deliverables/EOU-ML-Workshop/crops/data/raw_crop_images/alfalfa/img/15152200.jpg,/Users/tadhglooram/Desktop/EOU/deliverables/EOU-ML-Workshop/crops/data/crop_images/val/alfalfa/alfalfa_0014.jpg,375,500,160,160
val,alfalfa,/Users/tadhglooram/Desktop/EOU/deliverables/EOU-ML-Workshop/crops/data/raw_crop_images/alfalfa/img/12803877.jpg,/Users/tadhglooram/Desktop/EOU/deliverables/EOU-ML-Workshop/crops/data/crop_images/val/alfalfa/alfalfa_0015.jpg,375,500,160,160
val,alfalfa,/Users/tadhglooram/Desktop/EOU/deliverables/EOU-ML-Workshop/crops/data/raw_crop_images/alfalfa/img/12883804.jpeg,/Users/tadhglooram/Desktop/EOU/deliverables/EOU-ML-Workshop/crops/data/crop_images/val/alfalfa/alfalfa_0016.jpg,281,500,160,160
val,alfalfa,/Users/tadhglooram/Desktop/EOU/deliverables/EOU-ML-Workshop/crops/data/raw_crop_images/alfalfa/img/3164097.jpg,/Users/tadhglooram/Desktop/EOU/deliverables/EOU-ML-Workshop/crops/data/crop_images/val/alfalfa/alfalfa_0017.jpg,500,500,160,160
val,alfalfa,/Users/tadhglooram/Desktop/EOU/deliverables/EOU-ML-Workshop/crops/data/raw_crop_images/alfalfa/img/7685750.jpg,/Users/tadhglooram/Desktop/EOU/deliverables/EOU-ML-Workshop/crops/data/crop_images/val/alfalfa/alfalfa_0018.jpg,375,500,160,160
val,alfalfa,/Users/tadhglooram/Desktop/EOU/deliverables/EOU-ML-Workshop/crops/data/raw_crop_images/alfalfa/img/14741143.jpeg,/Users/tadhglooram/Desktop/EOU/deliverables/EOU-ML-Workshop/crops/data/crop_images/val/alfalfa/alfalfa_0019.jpg,500,375,160,160
val,alfalfa,/Users/tadhglooram/Desktop/EOU/deliverables/EOU-ML-Workshop/crops/data/raw_crop_images/alfalfa/img/7467118.jpg,/Users/tadhglooram/Desktop/EOU/deliverables/EOU-ML-Workshop/crops/data/crop_images/val/alfalfa/alfalfa_0020.jpg,375,500,160,160
val,alfalfa,/Users/tadhglooram/Desktop/EOU/deliverables/EOU-ML-Workshop/crops/data/raw_crop_images/alfalfa/img/319919.jpg,/Users/tadhglooram/Desktop/EOU/deliverables/EOU-ML-Workshop/crops/data/crop_images/val/alfalfa/alfalfa_0021.jpg,500,333,160,160
val,alfalfa,/Users/tadhglooram/Desktop/EOU/deliverables/EOU-ML-Workshop/crops/data/raw_crop_images/alfalfa/img/8018311.jpeg,/Users/tadhglooram/Desktop/EOU/deliverables/EOU-ML-Workshop/crops/data/crop_images/val/alfalfa/alfalfa_0022.jpg,500,375,160,160
test,alfalfa,/Users/tadhglooram/Desktop/EOU/deliverables/EOU-ML-Workshop/crops/data/raw_crop_images/alfalfa/img/14761936.jpg,/Users/tadhglooram/Desktop/EOU/deliverables/EOU-ML-Workshop/crops/data/crop_images/test/alfalfa/alfalfa_0000.jpg,375,500,160,160
test,alfalfa,/Users/tadhglooram/Desktop/EOU/deliverables/EOU-ML-Workshop/crops/data/raw_crop_images/alfalfa/img/11541799.jpg,/Users/tadhglooram/Desktop/EOU/deliverables/EOU-ML-Workshop/crops/data/crop_images/test/alfalfa/alfalfa_0001.jpg,356,500,160,160
test,alfalfa,/Users/tadhglooram/Desktop/EOU/deliverables/EOU-ML-Workshop/crops/data/raw_crop_images/alfalfa/img/16157909.jpg,/Users/tadhglooram/Desktop/EOU/deliverables/EOU-ML-Workshop/crops/data/crop_images/test/alfalfa/alfalfa_0002.jpg,500,375,160,160
test,alfalfa,/Users/tadhglooram/Desktop/EOU/deliverables/EOU-ML-Workshop/crops/data/raw_crop_images/alfalfa/img/6268040.jpeg,/Users/tadhglooram/Desktop/EOU/deliverables/EOU-ML-Workshop/crops/data/crop_images/test/alfalfa/alfalfa_0003.jpg,458,500,160,160
test,alfalfa,/Users/tadhglooram/Desktop/EOU/deliverables/EOU-ML-Workshop/crops/data/raw_crop_images/alfalfa/img/15665050.jpg,/Users/tadhglooram/Desktop/EOU/deliverables/EOU-ML-Workshop/crops/data/crop_images/test/alfalfa/alfalfa_0004.jpg,500,333,160,160
test,alfalfa,/Users/tadhglooram/Desktop/EOU/deliverables/EOU-ML-Workshop/crops/data/raw_crop_images/alfalfa/img/5062017.jpeg,/Users/tadhglooram/Desktop/EOU/deliverables/EOU-ML-Workshop/crops/data/crop_images/test/alfalfa/alfalfa_0005.jpg,500,375,160,160
test,alfalfa,/Users/tadhglooram/Desktop/EOU/deliverables/EOU-ML-Workshop/crops/data/raw_crop_images/alfalfa/img/8211828.jpeg,/Users/tadhglooram/Desktop/EOU/deliverables/EOU-ML-Workshop/crops/data/crop_images/test/alfalfa/alfalfa_0006.jpg,500,333,160,160
test,alfalfa,/Users/tadhglooram/Desktop/EOU/deliverables/EOU-ML-Workshop/crops/data/raw_crop_images/alfalfa/img/15326799.jpg,/Users/tadhglooram/Desktop/EOU/deliverables/EOU-ML-Workshop/crops/data/crop_images/test/alfalfa/alfalfa_0007.jpg,375,500,160,160
test,alfalfa,/Users/tadhglooram/Desktop/EOU/deliverables/EOU-ML-Workshop/crops/data/raw_crop_images/alfalfa/img/9350184.jpeg,/Users/tadhglooram/Desktop/EOU/deliverables/EOU-ML-Workshop/crops/data/crop_images/test/alfalfa/alfalfa_0008.jpg,500,375,160,160
test,alfalfa,/Users/tadhglooram/Desktop/EOU/deliverables/EOU-ML-Workshop/crops/data/raw_crop_images/alfalfa/img/6954821.jpeg,/Users/tadhglooram/Desktop/EOU/deliverables/EOU-ML-Workshop/crops/data/crop_images/test/alfalfa/alfalfa_0009.jpg,375,500,160,160
test,alfalfa,/Users/tadhglooram/Desktop/EOU/deliverables/EOU-ML-Workshop/crops/data/raw_crop_images/alfalfa/img/15707483.jpg,/Users/tadhglooram/Desktop/EOU/deliverables/EOU-ML-Workshop/crops/data/crop_images/test/alfalfa/alfalfa_0010.jpg,375,500,160,160
test,alfalfa,/Users/tadhglooram/Desktop/EOU/deliverables/EOU-ML-Workshop/crops/data/raw_crop_images/alfalfa/img/15664947.jpg,/Users/tadhglooram/Desktop/EOU/deliverables/EOU-ML-Workshop/crops/data/crop_images/test/alfalfa/alfalfa_0011.jpg,500,333,160,160
test,alfalfa,/Users/tadhglooram/Desktop/EOU/deliverables/EOU-ML-Workshop/crops/data/raw_crop_images/alfalfa/img/13859519.jpeg,/Users/tadhglooram/Desktop/EOU/deliverables/EOU-ML-Workshop/crops/data/crop_images/test/alfalfa/alfalfa_0012.jpg,375,500,160,160
test,alfalfa,/Users/tadhglooram/Desktop/EOU/deliverables/EOU-ML-Workshop/crops/data/raw_crop_images/alfalfa/img/12552772.jpg,/Users/tadhglooram/Desktop/EOU/deliverables/EOU-ML-Workshop/crops/data/crop_images/test/alfalfa/alfalfa_0013.jpg,500,375,160,160
test,alfalfa,/Users/tadhglooram/Desktop/EOU/deliverables/EOU-ML-Workshop/crops/data/raw_crop_images/alfalfa/img/12656525.jpeg,/Users/tadhglooram/Desktop/EOU/deliverables/EOU-ML-Workshop/crops/data/crop_images/test/alfalfa/alfalfa_0014.jpg,500,375,160,160
test,alfalfa,/Users/tadhglooram/Desktop/EOU/deliverables/EOU-ML-Workshop/crops/data/raw_crop_images/alfalfa/img/5126086.jpg,/Users/tadhglooram/Desktop/EOU/deliverables/EOU-ML-Workshop/crops/data/crop_images/test/alfalfa/alfalfa_0015.jpg,500,300,160,160
test,alfalfa,/Users/tadhglooram/Desktop/EOU/deliverables/EOU-ML-Workshop/crops/data/raw_crop_images/alfalfa/img/13652494.jpg,/Users/tadhglooram/Desktop/EOU/deliverables/EOU-ML-Workshop/crops/data/crop_images/test/alfalfa/alfalfa_0016.jpg,375,500,160,160
test,alfalfa,/Users/tadhglooram/Desktop/EOU/deliverables/EOU-ML-Workshop/crops/data/raw_crop_images/alfalfa/img/7552178.jpg,/Users/tadhglooram/Desktop/EOU/deliverables/EOU-ML-Workshop/crops/data/crop_images/test/alfalfa/alfalfa_0017.jpg,500,375,160,160
test,alfalfa,/Users/tadhglooram/Desktop/EOU/deliverables/EOU-ML-Workshop/crops/data/raw_crop_images/alfalfa/img/14038609.jpeg,/Users/tadhglooram/Desktop/EOU/deliverables/EOU-ML-Workshop/crops/data/crop_images/test/alfalfa/alfalfa_0018.jpg,375,500,160,160
test,alfalfa,/Users/tadhglooram/Desktop/EOU/deliverables/EOU-ML-Workshop/crops/data/raw_crop_images/alfalfa/img/14374627.jpg,/Users/tadhglooram/Desktop/EOU/deliverables/EOU-ML-Workshop/crops/data/crop_images/test/alfalfa/alfalfa_0019.jpg,500,333,160,160
test,alfalfa,/Users/tadhglooram/Desktop/EOU/deliverables/EOU-ML-Workshop/crops/data/raw_crop_images/alfalfa/img/15670658.jpg,/Users/tadhglooram/Desktop/EOU/deliverables/EOU-ML-Workshop/crops/data/crop_images/test/alfalfa/alfalfa_0020.jpg,500,333,160,160
test,alfalfa,/Users/tadhglooram/Desktop/EOU/deliverables/EOU-ML-Workshop/crops/data/raw_crop_images/alfalfa/img/15829232.jpg,/Users/tadhglooram/Desktop/EOU/deliverables/EOU-ML-Workshop/crops/data/crop_images/test/alfalfa/alfalfa_0021.jpg,375,500,160,160
test,alfalfa,/Users/tadhglooram/Desktop/EOU/deliverables/EOU-ML-Workshop/crops/data/raw_crop_images/alfalfa/img/16084411.jpeg,/Users/tadhglooram/Desktop/EOU/deliverables/EOU-ML-Workshop/crops/data/crop_images/test/alfalfa/alfalfa_0022.jpg,375,500,160,160
test,alfalfa,/Users/tadhglooram/Desktop/EOU/deliverables/EOU-ML-Workshop/crops/data/raw_crop_images/alfalfa/img/12460012.jpg,/Users/tadhglooram/Desktop/EOU/deliverables/EOU-ML-Workshop/crops/data/crop_images/test/alfalfa/alfalfa_0023.jpg,375,500,160,160
test,alfalfa,/Users/tadhglooram/Desktop/EOU/deliverables/EOU-ML-Workshop/crops/data/raw_crop_images/alfalfa/img/14151099.jpg,/Users/tadhglooram/Desktop/EOU/deliverables/EOU-ML-Workshop/crops/data/crop_images/test/alfalfa/alfalfa_0024.jpg,500,334,160,160
train,garbanzo,/Users/tadhglooram/Desktop/EOU/deliverables/EOU-ML-Workshop/crops/data/raw_crop_images/chickpeas/img/31730138.jpeg,/Users/tadhglooram/Desktop/EOU/deliverables/EOU-ML-Workshop/crops/data/crop_images/train/garbanzo/garbanzo_0000.jpg,500,333,160,160
train,garbanzo,/Users/tadhglooram/Desktop/EOU/deliverables/EOU-ML-Workshop/crops/data/raw_crop_images/chickpeas/img/193571131.jpeg,/Users/tadhglooram/Desktop/EOU/deliverables/EOU-ML-Workshop/crops/data/crop_images/train/garbanzo/garbanzo_0001.jpg,375,500,160,160
train,garbanzo,/Users/tadhglooram/Desktop/EOU/deliverables/EOU-ML-Workshop/crops/data/raw_crop_images/chickpeas/img/165521762.jpeg,/Users/tadhglooram/Desktop/EOU/deliverables/EOU-ML-Workshop/crops/data/crop_images/train/garbanzo/garbanzo_0002.jpg,500,375,160,160
train,garbanzo,/Users/tadhglooram/Desktop/EOU/deliverables/EOU-ML-Workshop/crops/data/raw_crop_images/chickpeas/img/137398446.jpeg,/Users/tadhglooram/Desktop/EOU/deliverables/EOU-ML-Workshop/crops/data/crop_images/train/garbanzo/garbanzo_0003.jpg,281,500,160,160
train,garbanzo,/Users/tadhglooram/Desktop/EOU/deliverables/EOU-ML-Workshop/crops/data/raw_crop_images/chickpeas/img/61649017.jpeg,/Users/tadhglooram/Desktop/EOU/deliverables/EOU-ML-Workshop/crops/data/crop_images/train/garbanzo/garbanzo_0004.jpg,500,500,160,160
train,garbanzo,/Users/tadhglooram/Desktop/EOU/deliverables/EOU-ML-Workshop/crops/data/raw_crop_images/chickpeas/img/216475998.jpeg,/Users/tadhglooram/Desktop/EOU/deliverables/EOU-ML-Workshop/crops/data/crop_images/train/garbanzo/garbanzo_0005.jpg,205,500,160,160
train,garbanzo,/Users/tadhglooram/Desktop/EOU/deliverables/EOU-ML-Workshop/crops/data/raw_crop_images/chickpeas/img/250856797.jpeg,/Users/tadhglooram/Desktop/EOU/deliverables/EOU-ML-Workshop/crops/data/crop_images/train/garbanzo/garbanzo_0006.jpg,375,500,160,160
train,garbanzo,/Users/tadhglooram/Desktop/EOU/deliverables/EOU-ML-Workshop/crops/data/raw_crop_images/chickpeas/img/39224479.jpg,/Users/tadhglooram/Desktop/EOU/deliverables/EOU-ML-Workshop/crops/data/crop_images/train/garbanzo/garbanzo_0007.jpg,500,305,160,160
train,garbanzo,/Users/tadhglooram/Desktop/EOU/deliverables/EOU-ML-Workshop/crops/data/raw_crop_images/chickpeas/img/54236368.jpeg,/Users/tadhglooram/Desktop/EOU/deliverables/EOU-ML-Workshop/crops/data/crop_images/train/garbanzo/garbanzo_0008.jpg,375,500,160,160
train,garbanzo,/Users/tadhglooram/Desktop/EOU/deliverables/EOU-ML-Workshop/crops/data/raw_crop_images/chickpeas/img/227807349.jpeg,/Users/tadhglooram/Desktop/EOU/deliverables/EOU-ML-Workshop/crops/data/crop_images/train/garbanzo/garbanzo_0009.jpg,500,461,160,160
train,garbanzo,/Users/tadhglooram/Desktop/EOU/deliverables/EOU-ML-Workshop/crops/data/raw_crop_images/chickpeas/img/61397333.jpeg,/Users/tadhglooram/Desktop/EOU/deliverables/EOU-ML-Workshop/crops/data/crop_images/train/garbanzo/garbanzo_0010.jpg,500,333,160,160
train,garbanzo,/Users/tadhglooram/Desktop/EOU/deliverables/EOU-ML-Workshop/crops/data/raw_crop_images/chickpeas/img/155157857.jpg,/Users/tadhglooram/Desktop/EOU/deliverables/EOU-ML-Workshop/crops/data/crop_images/train/garbanzo/garbanzo_0011.jpg,500,375,160,160
train,garbanzo,/Users/tadhglooram/Desktop/EOU/deliverables/EOU-ML-Workshop/crops/data/raw_crop_images/chickpeas/img/259117046.jpg,/Users/tadhglooram/Desktop/EOU/deliverables/EOU-ML-Workshop/crops/data/crop_images/train/garbanzo/garbanzo_0012.jpg,500,500,160,160
train,garbanzo,/Users/tadhglooram/Desktop/EOU/deliverables/EOU-ML-Workshop/crops/data/raw_crop_images/chickpeas/img/136573046.jpg,/Users/tadhglooram/Desktop/EOU/deliverables/EOU-ML-Workshop/crops/data/crop_images/train/garbanzo/garbanzo_0013.jpg,500,375,160,160
train,garbanzo,/Users/tadhglooram/Desktop/EOU/deliverables/EOU-ML-Workshop/crops/data/raw_crop_images/chickpeas/img/256907199.jpg,/Users/tadhglooram/Desktop/EOU/deliverables/EOU-ML-Workshop/crops/data/crop_images/train/garbanzo/garbanzo_0014.jpg,375,500,160,160
train,garbanzo,/Users/tadhglooram/Desktop/EOU/deliverables/EOU-ML-Workshop/crops/data/raw_crop_images/chickpeas/img/83618190.jpg,/Users/tadhglooram/Desktop/EOU/deliverables/EOU-ML-Workshop/crops/data/crop_images/train/garbanzo/garbanzo_0015.jpg,371,500,160,160
train,garbanzo,/Users/tadhglooram/Desktop/EOU/deliverables/EOU-ML-Workshop/crops/data/raw_crop_images/chickpeas/img/101024407.jpeg,/Users/tadhglooram/Desktop/EOU/deliverables/EOU-ML-Workshop/crops/data/crop_images/train/garbanzo/garbanzo_0016.jpg,500,333,160,160
train,garbanzo,/Users/tadhglooram/Desktop/EOU/deliverables/EOU-ML-Workshop/crops/data/raw_crop_images/chickpeas/img/229188805.jpeg,/Users/tadhglooram/Desktop/EOU/deliverables/EOU-ML-Workshop/crops/data/crop_images/train/garbanzo/garbanzo_0017.jpg,375,500,160,160
train,garbanzo,/Users/tadhglooram/Desktop/EOU/deliverables/EOU-ML-Workshop/crops/data/raw_crop_images/chickpeas/img/172759898.jpeg,/Users/tadhglooram/Desktop/EOU/deliverables/EOU-ML-Workshop/crops/data/crop_images/train/garbanzo/garbanzo_0018.jpg,375,500,160,160
train,garbanzo,/Users/tadhglooram/Desktop/EOU/deliverables/EOU-ML-Workshop/crops/data/raw_crop_images/chickpeas/img/217229487.jpeg,/Users/tadhglooram/Desktop/EOU/deliverables/EOU-ML-Workshop/crops/data/crop_images/train/garbanzo/garbanzo_0019.jpg,500,375,160,160
train,garbanzo,/Users/tadhglooram/Desktop/EOU/deliverables/EOU-ML-Workshop/crops/data/raw_crop_images/chickpeas/img/264594052.jpg,/Users/tadhglooram/Desktop/EOU/deliverables/EOU-ML-Workshop/crops/data/crop_images/train/garbanzo/garbanzo_0020.jpg,281,500,160,160
train,garbanzo,/Users/tadhglooram/Desktop/EOU/deliverables/EOU-ML-Workshop/crops/data/raw_crop_images/chickpeas/img/79557293.jpg,/Users/tadhglooram/Desktop/EOU/deliverables/EOU-ML-Workshop/crops/data/crop_images/train/garbanzo/garbanzo_0021.jpg,281,500,160,160
train,garbanzo,/Users/tadhglooram/Desktop/EOU/deliverables/EOU-ML-Workshop/crops/data/raw_crop_images/chickpeas/img/289291497.jpg,/Users/tadhglooram/Desktop/EOU/deliverables/EOU-ML-Workshop/crops/data/crop_images/train/garbanzo/garbanzo_0022.jpg,500,375,160,160
train,garbanzo,/Users/tadhglooram/Desktop/EOU/deliverables/EOU-ML-Workshop/crops/data/raw_crop_images/chickpeas/img/104669070.jpg,/Users/tadhglooram/Desktop/EOU/deliverables/EOU-ML-Workshop/crops/data/crop_images/train/garbanzo/garbanzo_0023.jpg,375,500,160,160
train,garbanzo,/Users/tadhglooram/Desktop/EOU/deliverables/EOU-ML-Workshop/crops/data/raw_crop_images/chickpeas/img/143792781.jpeg,/Users/tadhglooram/Desktop/EOU/deliverables/EOU-ML-Workshop/crops/data/crop_images/train/garbanzo/garbanzo_0024.jpg,500,375,160,160
train,garbanzo,/Users/tadhglooram/Desktop/EOU/deliverables/EOU-ML-Workshop/crops/data/raw_crop_images/chickpeas/img/41887170.jpeg,/Users/tadhglooram/Desktop/EOU/deliverables/EOU-ML-Workshop/crops/data/crop_images/train/garbanzo/garbanzo_0025.jpg,500,333,160,160
train,garbanzo,/Users/tadhglooram/Desktop/EOU/deliverables/EOU-ML-Workshop/crops/data/raw_crop_images/chickpeas/img/271620085.jpg,/Users/tadhglooram/Desktop/EOU/deliverables/EOU-ML-Workshop/crops/data/crop_images/train/garbanzo/garbanzo_0026.jpg,375,500,160,160
train,garbanzo,/Users/tadhglooram/Desktop/EOU/deliverables/EOU-ML-Workshop/crops/data/raw_crop_images/chickpeas/img/66427793.jpg,/Users/tadhglooram/Desktop/EOU/deliverables/EOU-ML-Workshop/crops/data/crop_images/train/garbanzo/garbanzo_0027.jpg,334,500,160,160
train,garbanzo,/Users/tadhglooram/Desktop/EOU/deliverables/EOU-ML-Workshop/crops/data/raw_crop_images/chickpeas/img/290060971.jpg,/Users/tadhglooram/Desktop/EOU/deliverables/EOU-ML-Workshop/crops/data/crop_images/train/garbanzo/garbanzo_0028.jpg,500,331,160,160
train,garbanzo,/Users/tadhglooram/Desktop/EOU/deliverables/EOU-ML-Workshop/crops/data/raw_crop_images/chickpeas/img/212235320.jpeg,/Users/tadhglooram/Desktop/EOU/deliverables/EOU-ML-Workshop/crops/data/crop_images/train/garbanzo/garbanzo_0029.jpg,281,500,160,160
train,garbanzo,/Users/tadhglooram/Desktop/EOU/deliverables/EOU-ML-Workshop/crops/data/raw_crop_images/chickpeas/img/218469125.jpeg,/Users/tadhglooram/Desktop/EOU/deliverables/EOU-ML-Workshop/crops/data/crop_images/train/garbanzo/garbanzo_0030.jpg,500,225,160,160
train,garbanzo,/Users/tadhglooram/Desktop/EOU/deliverables/EOU-ML-Workshop/crops/data/raw_crop_images/chickpeas/img/220836299.jpg,/Users/tadhglooram/Desktop/EOU/deliverables/EOU-ML-Workshop/crops/data/crop_images/train/garbanzo/garbanzo_0031.jpg,375,500,160,160
train,garbanzo,/Users/tadhglooram/Desktop/EOU/deliverables/EOU-ML-Workshop/crops/data/raw_crop_images/chickpeas/img/107407200.jpeg,/Users/tadhglooram/Desktop/EOU/deliverables/EOU-ML-Workshop/crops/data/crop_images/train/garbanzo/garbanzo_0032.jpg,375,500,160,160
train,garbanzo,/Users/tadhglooram/Desktop/EOU/deliverables/EOU-ML-Workshop/crops/data/raw_crop_images/chickpeas/img/263478046.jpeg,/Users/tadhglooram/Desktop/EOU/deliverables/EOU-ML-Workshop/crops/data/crop_images/train/garbanzo/garbanzo_0033.jpg,281,500,160,160
train,garbanzo,/Users/tadhglooram/Desktop/EOU/deliverables/EOU-ML-Workshop/crops/data/raw_crop_images/chickpeas/img/194177521.jpeg,/Users/tadhglooram/Desktop/EOU/deliverables/EOU-ML-Workshop/crops/data/crop_images/train/garbanzo/garbanzo_0034.jpg,375,500,160,160
train,garbanzo,/Users/tadhglooram/Desktop/EOU/deliverables/EOU-ML-Workshop/crops/data/raw_crop_images/chickpeas/img/15641232.jpeg,/Users/tadhglooram/Desktop/EOU/deliverables/EOU-ML-Workshop/crops/data/crop_images/train/garbanzo/garbanzo_0035.jpg,375,500,160,160
train,garbanzo,/Users/tadhglooram/Desktop/EOU/deliverables/EOU-ML-Workshop/crops/data/raw_crop_images/chickpeas/img/39931169.jpeg,/Users/tadhglooram/Desktop/EOU/deliverables/EOU-ML-Workshop/crops/data/crop_images/train/garbanzo/garbanzo_0036.jpg,500,310,160,160
train,garbanzo,/Users/tadhglooram/Desktop/EOU/deliverables/EOU-ML-Workshop/crops/data/raw_crop_images/chickpeas/img/124184467.jpeg,/Users/tadhglooram/Desktop/EOU/deliverables/EOU-ML-Workshop/crops/data/crop_images/train/garbanzo/garbanzo_0037.jpg,500,375,160,160
train,garbanzo,/Users/tadhglooram/Desktop/EOU/deliverables/EOU-ML-Workshop/crops/data/raw_crop_images/chickpeas/img/69449049.jpeg,/Users/tadhglooram/Desktop/EOU/deliverables/EOU-ML-Workshop/crops/data/crop_images/train/garbanzo/garbanzo_0038.jpg,500,375,160,160
train,garbanzo,/Users/tadhglooram/Desktop/EOU/deliverables/EOU-ML-Workshop/crops/data/raw_crop_images/chickpeas/img/194072980.jpg,/Users/tadhglooram/Desktop/EOU/deliverables/EOU-ML-Workshop/crops/data/crop_images/train/garbanzo/garbanzo_0039.jpg,333,500,160,160
train,garbanzo,/Users/tadhglooram/Desktop/EOU/deliverables/EOU-ML-Workshop/crops/data/raw_crop_images/chickpeas/img/172573237.jpg,/Users/tadhglooram/Desktop/EOU/deliverables/EOU-ML-Workshop/crops/data/crop_images/train/garbanzo/garbanzo_0040.jpg,375,500,160,160
train,garbanzo,/Users/tadhglooram/Desktop/EOU/deliverables/EOU-ML-Workshop/crops/data/raw_crop_images/chickpeas/img/15163751.jpeg,/Users/tadhglooram/Desktop/EOU/deliverables/EOU-ML-Workshop/crops/data/crop_images/train/garbanzo/garbanzo_0041.jpg,281,500,160,160
train,garbanzo,/Users/tadhglooram/Desktop/EOU/deliverables/EOU-ML-Workshop/crops/data/raw_crop_images/chickpeas/img/257906544.jpg,/Users/tadhglooram/Desktop/EOU/deliverables/EOU-ML-Workshop/crops/data/crop_images/train/garbanzo/garbanzo_0042.jpg,375,500,160,160
train,garbanzo,/Users/tadhglooram/Desktop/EOU/deliverables/EOU-ML-Workshop/crops/data/raw_crop_images/chickpeas/img/229134468.jpeg,/Users/tadhglooram/Desktop/EOU/deliverables/EOU-ML-Workshop/crops/data/crop_images/train/garbanzo/garbanzo_0043.jpg,375,500,160,160
train,garbanzo,/Users/tadhglooram/Desktop/EOU/deliverables/EOU-ML-Workshop/crops/data/raw_crop_images/chickpeas/img/215817380.jpeg,/Users/tadhglooram/Desktop/EOU/deliverables/EOU-ML-Workshop/crops/data/crop_images/train/garbanzo/garbanzo_0044.jpg,375,500,160,160
train,garbanzo,/Users/tadhglooram/Desktop/EOU/deliverables/EOU-ML-Workshop/crops/data/raw_crop_images/chickpeas/img/252648087.jpg,/Users/tadhglooram/Desktop/EOU/deliverables/EOU-ML-Workshop/crops/data/crop_images/train/garbanzo/garbanzo_0045.jpg,375,500,160,160
train,garbanzo,/Users/tadhglooram/Desktop/EOU/deliverables/EOU-ML-Workshop/crops/data/raw_crop_images/chickpeas/img/282822657.jpg,/Users/tadhglooram/Desktop/EOU/deliverables/EOU-ML-Workshop/crops/data/crop_images/train/garbanzo/garbanzo_0046.jpg,375,500,160,160
train,garbanzo,/Users/tadhglooram/Desktop/EOU/deliverables/EOU-ML-Workshop/crops/data/raw_crop_images/chickpeas/img/213144758.jpg,/Users/tadhglooram/Desktop/EOU/deliverables/EOU-ML-Workshop/crops/data/crop_images/train/garbanzo/garbanzo_0047.jpg,375,500,160,160
train,garbanzo,/Users/tadhglooram/Desktop/EOU/deliverables/EOU-ML-Workshop/crops/data/raw_crop_images/chickpeas/img/13338573.jpeg,/Users/tadhglooram/Desktop/EOU/deliverables/EOU-ML-Workshop/crops/data/crop_images/train/garbanzo/garbanzo_0048.jpg,375,500,160,160
train,garbanzo,/Users/tadhglooram/Desktop/EOU/deliverables/EOU-ML-Workshop/crops/data/raw_crop_images/chickpeas/img/251290046.jpeg,/Users/tadhglooram/Desktop/EOU/deliverables/EOU-ML-Workshop/crops/data/crop_images/train/garbanzo/garbanzo_0049.jpg,375,500,160,160
train,garbanzo,/Users/tadhglooram/Desktop/EOU/deliverables/EOU-ML-Workshop/crops/data/raw_crop_images/chickpeas/img/23553688.jpeg,/Users/tadhglooram/Desktop/EOU/deliverables/EOU-ML-Workshop/crops/data/crop_images/train/garbanzo/garbanzo_0050.jpg,500,375,160,160
train,garbanzo,/Users/tadhglooram/Desktop/EOU/deliverables/EOU-ML-Workshop/crops/data/raw_crop_images/chickpeas/img/195393926.jpeg,/Users/tadhglooram/Desktop/EOU/deliverables/EOU-ML-Workshop/crops/data/crop_images/train/garbanzo/garbanzo_0051.jpg,237,500,160,160
train,garbanzo,/Users/tadhglooram/Desktop/EOU/deliverables/EOU-ML-Workshop/crops/data/raw_crop_images/chickpeas/img/150974638.jpeg,/Users/tadhglooram/Desktop/EOU/deliverables/EOU-ML-Workshop/crops/data/crop_images/train/garbanzo/garbanzo_0052.jpg,500,333,160,160
train,garbanzo,/Users/tadhglooram/Desktop/EOU/deliverables/EOU-ML-Workshop/crops/data/raw_crop_images/chickpeas/img/55324458.jpeg,/Users/tadhglooram/Desktop/EOU/deliverables/EOU-ML-Workshop/crops/data/crop_images/train/garbanzo/garbanzo_0053.jpg,500,260,160,160
train,garbanzo,/Users/tadhglooram/Desktop/EOU/deliverables/EOU-ML-Workshop/crops/data/raw_crop_images/chickpeas/img/279281868.jpg,/Users/tadhglooram/Desktop/EOU/deliverables/EOU-ML-Workshop/crops/data/crop_images/train/garbanzo/garbanzo_0054.jpg,375,500,160,160
train,garbanzo,/Users/tadhglooram/Desktop/EOU/deliverables/EOU-ML-Workshop/crops/data/raw_crop_images/chickpeas/img/83803859.jpeg,/Users/tadhglooram/Desktop/EOU/deliverables/EOU-ML-Workshop/crops/data/crop_images/train/garbanzo/garbanzo_0055.jpg,500,375,160,160
train,garbanzo,/Users/tadhglooram/Desktop/EOU/deliverables/EOU-ML-Workshop/crops/data/raw_crop_images/chickpeas/img/234490706.jpeg,/Users/tadhglooram/Desktop/EOU/deliverables/EOU-ML-Workshop/crops/data/crop_images/train/garbanzo/garbanzo_0056.jpg,374,500,160,160
train,garbanzo,/Users/tadhglooram/Desktop/EOU/deliverables/EOU-ML-Workshop/crops/data/raw_crop_images/chickpeas/img/243337825.jpeg,/Users/tadhglooram/Desktop/EOU/deliverables/EOU-ML-Workshop/crops/data/crop_images/train/garbanzo/garbanzo_0057.jpg,375,500,160,160
train,garbanzo,/Users/tadhglooram/Desktop/EOU/deliverables/EOU-ML-Workshop/crops/data/raw_crop_images/chickpeas/img/55013820.jpg,/Users/tadhglooram/Desktop/EOU/deliverables/EOU-ML-Workshop/crops/data/crop_images/train/garbanzo/garbanzo_0058.jpg,375,500,160,160
train,garbanzo,/Users/tadhglooram/Desktop/EOU/deliverables/EOU-ML-Workshop/crops/data/raw_crop_images/chickpeas/img/161644824.jpeg,/Users/tadhglooram/Desktop/EOU/deliverables/EOU-ML-Workshop/crops/data/crop_images/train/garbanzo/garbanzo_0059.jpg,375,500,160,160
train,garbanzo,/Users/tadhglooram/Desktop/EOU/deliverables/EOU-ML-Workshop/crops/data/raw_crop_images/chickpeas/img/209060482.jpeg,/Users/tadhglooram/Desktop/EOU/deliverables/EOU-ML-Workshop/crops/data/crop_images/train/garbanzo/garbanzo_0060.jpg,500,376,160,160
train,garbanzo,/Users/tadhglooram/Desktop/EOU/deliverables/EOU-ML-Workshop/crops/data/raw_crop_images/chickpeas/img/263656507.jpeg,/Users/tadhglooram/Desktop/EOU/deliverables/EOU-ML-Workshop/crops/data/crop_images/train/garbanzo/garbanzo_0061.jpg,333,500,160,160
train,garbanzo,/Users/tadhglooram/Desktop/EOU/deliverables/EOU-ML-Workshop/crops/data/raw_crop_images/chickpeas/img/39416098.jpeg,/Users/tadhglooram/Desktop/EOU/deliverables/EOU-ML-Workshop/crops/data/crop_images/train/garbanzo/garbanzo_0062.jpg,500,376,160,160
train,garbanzo,/Users/tadhglooram/Desktop/EOU/deliverables/EOU-ML-Workshop/crops/data/raw_crop_images/chickpeas/img/263655193.jpg,/Users/tadhglooram/Desktop/EOU/deliverables/EOU-ML-Workshop/crops/data/crop_images/train/garbanzo/garbanzo_0063.jpg,500,333,160,160
train,garbanzo,/Users/tadhglooram/Desktop/EOU/deliverables/EOU-ML-Workshop/crops/data/raw_crop_images/chickpeas/img/289845809.jpg,/Users/tadhglooram/Desktop/EOU/deliverables/EOU-ML-Workshop/crops/data/crop_images/train/garbanzo/garbanzo_0064.jpg,375,500,160,160
train,garbanzo,/Users/tadhglooram/Desktop/EOU/deliverables/EOU-ML-Workshop/crops/data/raw_crop_images/chickpeas/img/193900906.jpg,/Users/tadhglooram/Desktop/EOU/deliverables/EOU-ML-Workshop/crops/data/crop_images/train/garbanzo/garbanzo_0065.jpg,500,399,160,160
train,garbanzo,/Users/tadhglooram/Desktop/EOU/deliverables/EOU-ML-Workshop/crops/data/raw_crop_images/chickpeas/img/53247008.jpeg,/Users/tadhglooram/Desktop/EOU/deliverables/EOU-ML-Workshop/crops/data/crop_images/train/garbanzo/garbanzo_0066.jpg,500,331,160,160
train,garbanzo,/Users/tadhglooram/Desktop/EOU/deliverables/EOU-ML-Workshop/crops/data/raw_crop_images/chickpeas/img/108707383.jpg,/Users/tadhglooram/Desktop/EOU/deliverables/EOU-ML-Workshop/crops/data/crop_images/train/garbanzo/garbanzo_0067.jpg,500,281,160,160
train,garbanzo,/Users/tadhglooram/Desktop/EOU/deliverables/EOU-ML-Workshop/crops/data/raw_crop_images/chickpeas/img/256831361.jpeg,/Users/tadhglooram/Desktop/EOU/deliverables/EOU-ML-Workshop/crops/data/crop_images/train/garbanzo/garbanzo_0068.jpg,375,500,160,160
train,garbanzo,/Users/tadhglooram/Desktop/EOU/deliverables/EOU-ML-Workshop/crops/data/raw_crop_images/chickpeas/img/75287316.jpeg,/Users/tadhglooram/Desktop/EOU/deliverables/EOU-ML-Workshop/crops/data/crop_images/train/garbanzo/garbanzo_0069.jpg,236,500,160,160
train,garbanzo,/Users/tadhglooram/Desktop/EOU/deliverables/EOU-ML-Workshop/crops/data/raw_crop_images/chickpeas/img/171081142.jpeg,/Users/tadhglooram/Desktop/EOU/deliverables/EOU-ML-Workshop/crops/data/crop_images/train/garbanzo/garbanzo_0070.jpg,500,375,160,160
train,garbanzo,/Users/tadhglooram/Desktop/EOU/deliverables/EOU-ML-Workshop/crops/data/raw_crop_images/chickpeas/img/91743670.jpeg,/Users/tadhglooram/Desktop/EOU/deliverables/EOU-ML-Workshop/crops/data/crop_images/train/garbanzo/garbanzo_0071.jpg,500,375,160,160
train,garbanzo,/Users/tadhglooram/Desktop/EOU/deliverables/EOU-ML-Workshop/crops/data/raw_crop_images/chickpeas/img/49272012.jpg,/Users/tadhglooram/Desktop/EOU/deliverables/EOU-ML-Workshop/crops/data/crop_images/train/garbanzo/garbanzo_0072.jpg,500,375,160,160
train,garbanzo,/Users/tadhglooram/Desktop/EOU/deliverables/EOU-ML-Workshop/crops/data/raw_crop_images/chickpeas/img/238817694.jpeg,/Users/tadhglooram/Desktop/EOU/deliverables/EOU-ML-Workshop/crops/data/crop_images/train/garbanzo/garbanzo_0073.jpg,375,500,160,160
train,garbanzo,/Users/tadhglooram/Desktop/EOU/deliverables/EOU-ML-Workshop/crops/data/raw_crop_images/chickpeas/img/254699145.jpg,/Users/tadhglooram/Desktop/EOU/deliverables/EOU-ML-Workshop/crops/data/crop_images/train/garbanzo/garbanzo_0074.jpg,500,375,160,160
train,garbanzo,/Users/tadhglooram/Desktop/EOU/deliverables/EOU-ML-Workshop/crops/data/raw_crop_images/chickpeas/img/67930217.jpeg,/Users/tadhglooram/Desktop/EOU/deliverables/EOU-ML-Workshop/crops/data/crop_images/train/garbanzo/garbanzo_0075.jpg,500,333,160,160
train,garbanzo,/Users/tadhglooram/Desktop/EOU/deliverables/EOU-ML-Workshop/crops/data/raw_crop_images/chickpeas/img/52851661.jpg,/Users/tadhglooram/Desktop/EOU/deliverables/EOU-ML-Workshop/crops/data/crop_images/train/garbanzo/garbanzo_0076.jpg,375,500,160,160
train,garbanzo,/Users/tadhglooram/Desktop/EOU/deliverables/EOU-ML-Workshop/crops/data/raw_crop_images/chickpeas/img/155724002.jpeg,/Users/tadhglooram/Desktop/EOU/deliverables/EOU-ML-Workshop/crops/data/crop_images/train/garbanzo/garbanzo_0077.jpg,500,375,160,160
train,garbanzo,/Users/tadhglooram/Desktop/EOU/deliverables/EOU-ML-Workshop/crops/data/raw_crop_images/chickpeas/img/283193362.jpg,/Users/tadhglooram/Desktop/EOU/deliverables/EOU-ML-Workshop/crops/data/crop_images/train/garbanzo/garbanzo_0078.jpg,375,500,160,160
train,garbanzo,/Users/tadhglooram/Desktop/EOU/deliverables/EOU-ML-Workshop/crops/data/raw_crop_images/chickpeas/img/147097326.jpeg,/Users/tadhglooram/Desktop/EOU/deliverables/EOU-ML-Workshop/crops/data/crop_images/train/garbanzo/garbanzo_0079.jpg,333,500,160,160
train,garbanzo,/Users/tadhglooram/Desktop/EOU/deliverables/EOU-ML-Workshop/crops/data/raw_crop_images/chickpeas/img/29507262.jpg,/Users/tadhglooram/Desktop/EOU/deliverables/EOU-ML-Workshop/crops/data/crop_images/train/garbanzo/garbanzo_0080.jpg,375,500,160,160
train,garbanzo,/Users/tadhglooram/Desktop/EOU/deliverables/EOU-ML-Workshop/crops/data/raw_crop_images/chickpeas/img/116057771.jpg,/Users/tadhglooram/Desktop/EOU/deliverables/EOU-ML-Workshop/crops/data/crop_images/train/garbanzo/garbanzo_0081.jpg,375,500,160,160
train,garbanzo,/Users/tadhglooram/Desktop/EOU/deliverables/EOU-ML-Workshop/crops/data/raw_crop_images/chickpeas/img/237185476.jpeg,/Users/tadhglooram/Desktop/EOU/deliverables/EOU-ML-Workshop/crops/data/crop_images/train/garbanzo/garbanzo_0082.jpg,375,500,160,160
train,garbanzo,/Users/tadhglooram/Desktop/EOU/deliverables/EOU-ML-Workshop/crops/data/raw_crop_images/chickpeas/img/158045080.jpg,/Users/tadhglooram/Desktop/EOU/deliverables/EOU-ML-Workshop/crops/data/crop_images/train/garbanzo/garbanzo_0083.jpg,375,500,160,160
train,garbanzo,/Users/tadhglooram/Desktop/EOU/deliverables/EOU-ML-Workshop/crops/data/raw_crop_images/chickpeas/img/79961819.jpeg,/Users/tadhglooram/Desktop/EOU/deliverables/EOU-ML-Workshop/crops/data/crop_images/train/garbanzo/garbanzo_0084.jpg,281,500,160,160
train,garbanzo,/Users/tadhglooram/Desktop/EOU/deliverables/EOU-ML-Workshop/crops/data/raw_crop_images/chickpeas/img/37578855.jpeg,/Users/tadhglooram/Desktop/EOU/deliverables/EOU-ML-Workshop/crops/data/crop_images/train/garbanzo/garbanzo_0085.jpg,500,281,160,160
train,garbanzo,/Users/tadhglooram/Desktop/EOU/deliverables/EOU-ML-Workshop/crops/data/raw_crop_images/chickpeas/img/186182717.jpg,/Users/tadhglooram/Desktop/EOU/deliverables/EOU-ML-Workshop/crops/data/crop_images/train/garbanzo/garbanzo_0086.jpg,500,375,160,160
train,garbanzo,/Users/tadhglooram/Desktop/EOU/deliverables/EOU-ML-Workshop/crops/data/raw_crop_images/chickpeas/img/145414201.jpeg,/Users/tadhglooram/Desktop/EOU/deliverables/EOU-ML-Workshop/crops/data/crop_images/train/garbanzo/garbanzo_0087.jpg,375,500,160,160
train,garbanzo,/Users/tadhglooram/Desktop/EOU/deliverables/EOU-ML-Workshop/crops/data/raw_crop_images/chickpeas/img/270670628.jpg,/Users/tadhglooram/Desktop/EOU/deliverables/EOU-ML-Workshop/crops/data/crop_images/train/garbanzo/garbanzo_0088.jpg,281,500,160,160
train,garbanzo,/Users/tadhglooram/Desktop/EOU/deliverables/EOU-ML-Workshop/crops/data/raw_crop_images/chickpeas/img/236955993.jpg,/Users/tadhglooram/Desktop/EOU/deliverables/EOU-ML-Workshop/crops/data/crop_images/train/garbanzo/garbanzo_0089.jpg,375,500,160,160
train,garbanzo,/Users/tadhglooram/Desktop/EOU/deliverables/EOU-ML-Workshop/crops/data/raw_crop_images/chickpeas/img/54469680.jpeg,/Users/tadhglooram/Desktop/EOU/deliverables/EOU-ML-Workshop/crops/data/crop_images/train/garbanzo/garbanzo_0090.jpg,375,500,160,160
train,garbanzo,/Users/tadhglooram/Desktop/EOU/deliverables/EOU-ML-Workshop/crops/data/raw_crop_images/chickpeas/img/82554930.jpg,/Users/tadhglooram/Desktop/EOU/deliverables/EOU-ML-Workshop/crops/data/crop_images/train/garbanzo/garbanzo_0091.jpg,500,375,160,160
train,garbanzo,/Users/tadhglooram/Desktop/EOU/deliverables/EOU-ML-Workshop/crops/data/raw_crop_images/chickpeas/img/28251860.jpg,/Users/tadhglooram/Desktop/EOU/deliverables/EOU-ML-Workshop/crops/data/crop_images/train/garbanzo/garbanzo_0092.jpg,500,333,160,160
train,garbanzo,/Users/tadhglooram/Desktop/EOU/deliverables/EOU-ML-Workshop/crops/data/raw_crop_images/chickpeas/img/38218810.jpeg,/Users/tadhglooram/Desktop/EOU/deliverables/EOU-ML-Workshop/crops/data/crop_images/train/garbanzo/garbanzo_0093.jpg,375,500,160,160
train,garbanzo,/Users/tadhglooram/Desktop/EOU/deliverables/EOU-ML-Workshop/crops/data/raw_crop_images/chickpeas/img/258319100.jpg,/Users/tadhglooram/Desktop/EOU/deliverables/EOU-ML-Workshop/crops/data/crop_images/train/garbanzo/garbanzo_0094.jpg,500,427,160,160
train,garbanzo,/Users/tadhglooram/Desktop/EOU/deliverables/EOU-ML-Workshop/crops/data/raw_crop_images/chickpeas/img/280333506.jpeg,/Users/tadhglooram/Desktop/EOU/deliverables/EOU-ML-Workshop/crops/data/crop_images/train/garbanzo/garbanzo_0095.jpg,500,500,160,160
train,garbanzo,/Users/tadhglooram/Desktop/EOU/deliverables/EOU-ML-Workshop/crops/data/raw_crop_images/chickpeas/img/36376104.jpeg,/Users/tadhglooram/Desktop/EOU/deliverables/EOU-ML-Workshop/crops/data/crop_images/train/garbanzo/garbanzo_0096.jpg,500,400,160,160
train,garbanzo,/Users/tadhglooram/Desktop/EOU/deliverables/EOU-ML-Workshop/crops/data/raw_crop_images/chickpeas/img/155112395.jpeg,/Users/tadhglooram/Desktop/EOU/deliverables/EOU-ML-Workshop/crops/data/crop_images/train/garbanzo/garbanzo_0097.jpg,230,500,160,160
train,garbanzo,/Users/tadhglooram/Desktop/EOU/deliverables/EOU-ML-Workshop/crops/data/raw_crop_images/chickpeas/img/240927777.jpeg,/Users/tadhglooram/Desktop/EOU/deliverables/EOU-ML-Workshop/crops/data/crop_images/train/garbanzo/garbanzo_0098.jpg,375,500,160,160
train,garbanzo,/Users/tadhglooram/Desktop/EOU/deliverables/EOU-ML-Workshop/crops/data/raw_crop_images/chickpeas/img/289834865.jpg,/Users/tadhglooram/Desktop/EOU/deliverables/EOU-ML-Workshop/crops/data/crop_images/train/garbanzo/garbanzo_0099.jpg,500,375,160,160
train,garbanzo,/Users/tadhglooram/Desktop/EOU/deliverables/EOU-ML-Workshop/crops/data/raw_crop_images/chickpeas/img/79278970.jpeg,/Users/tadhglooram/Desktop/EOU/deliverables/EOU-ML-Workshop/crops/data/crop_images/train/garbanzo/garbanzo_0100.jpg,281,500,160,160
train,garbanzo,/Users/tadhglooram/Desktop/EOU/deliverables/EOU-ML-Workshop/crops/data/raw_crop_images/chickpeas/img/251323805.jpeg,/Users/tadhglooram/Desktop/EOU/deliverables/EOU-ML-Workshop/crops/data/crop_images/train/garbanzo/garbanzo_0101.jpg,375,500,160,160
train,garbanzo,/Users/tadhglooram/Desktop/EOU/deliverables/EOU-ML-Workshop/crops/data/raw_crop_images/chickpeas/img/14953914.jpeg,/Users/tadhglooram/Desktop/EOU/deliverables/EOU-ML-Workshop/crops/data/crop_images/train/garbanzo/garbanzo_0102.jpg,500,375,160,160
train,garbanzo,/Users/tadhglooram/Desktop/EOU/deliverables/EOU-ML-Workshop/crops/data/raw_crop_images/chickpeas/img/227941081.jpg,/Users/tadhglooram/Desktop/EOU/deliverables/EOU-ML-Workshop/crops/data/crop_images/train/garbanzo/garbanzo_0103.jpg,500,375,160,160
train,garbanzo,/Users/tadhglooram/Desktop/EOU/deliverables/EOU-ML-Workshop/crops/data/raw_crop_images/chickpeas/img/186170390.jpg,/Users/tadhglooram/Desktop/EOU/deliverables/EOU-ML-Workshop/crops/data/crop_images/train/garbanzo/garbanzo_0104.jpg,500,375,160,160
train,garbanzo,/Users/tadhglooram/Desktop/EOU/deliverables/EOU-ML-Workshop/crops/data/raw_crop_images/chickpeas/img/235929178.jpeg,/Users/tadhglooram/Desktop/EOU/deliverables/EOU-ML-Workshop/crops/data/crop_images/train/garbanzo/garbanzo_0105.jpg,500,375,160,160
train,garbanzo,/Users/tadhglooram/Desktop/EOU/deliverables/EOU-ML-Workshop/crops/data/raw_crop_images/chickpeas/img/236955640.jpg,/Users/tadhglooram/Desktop/EOU/deliverables/EOU-ML-Workshop/crops/data/crop_images/train/garbanzo/garbanzo_0106.jpg,375,500,160,160
train,garbanzo,/Users/tadhglooram/Desktop/EOU/deliverables/EOU-ML-Workshop/crops/data/raw_crop_images/chickpeas/img/276098724.jpeg,/Users/tadhglooram/Desktop/EOU/deliverables/EOU-ML-Workshop/crops/data/crop_images/train/garbanzo/garbanzo_0107.jpg,500,281,160,160
train,garbanzo,/Users/tadhglooram/Desktop/EOU/deliverables/EOU-ML-Workshop/crops/data/raw_crop_images/chickpeas/img/164766525.jpeg,/Users/tadhglooram/Desktop/EOU/deliverables/EOU-ML-Workshop/crops/data/crop_images/train/garbanzo/garbanzo_0108.jpg,500,375,160,160
train,garbanzo,/Users/tadhglooram/Desktop/EOU/deliverables/EOU-ML-Workshop/crops/data/raw_crop_images/chickpeas/img/85580735.jpeg,/Users/tadhglooram/Desktop/EOU/deliverables/EOU-ML-Workshop/crops/data/crop_images/train/garbanzo/garbanzo_0109.jpg,375,500,160,160
val,garbanzo,/Users/tadhglooram/Desktop/EOU/deliverables/EOU-ML-Workshop/crops/data/raw_crop_images/chickpeas/img/118816428.jpeg,/Users/tadhglooram/Desktop/EOU/deliverables/EOU-ML-Workshop/crops/data/crop_images/val/garbanzo/garbanzo_0000.jpg,375,500,160,160
val,garbanzo,/Users/tadhglooram/Desktop/EOU/deliverables/EOU-ML-Workshop/crops/data/raw_crop_images/chickpeas/img/39192481.jpeg,/Users/tadhglooram/Desktop/EOU/deliverables/EOU-ML-Workshop/crops/data/crop_images/val/garbanzo/garbanzo_0001.jpg,500,375,160,160
val,garbanzo,/Users/tadhglooram/Desktop/EOU/deliverables/EOU-ML-Workshop/crops/data/raw_crop_images/chickpeas/img/125475111.jpg,/Users/tadhglooram/Desktop/EOU/deliverables/EOU-ML-Workshop/crops/data/crop_images/val/garbanzo/garbanzo_0002.jpg,375,500,160,160
val,garbanzo,/Users/tadhglooram/Desktop/EOU/deliverables/EOU-ML-Workshop/crops/data/raw_crop_images/chickpeas/img/220044324.jpeg,/Users/tadhglooram/Desktop/EOU/deliverables/EOU-ML-Workshop/crops/data/crop_images/val/garbanzo/garbanzo_0003.jpg,500,375,160,160
val,garbanzo,/Users/tadhglooram/Desktop/EOU/deliverables/EOU-ML-Workshop/crops/data/raw_crop_images/chickpeas/img/200277077.jpg,/Users/tadhglooram/Desktop/EOU/deliverables/EOU-ML-Workshop/crops/data/crop_images/val/garbanzo/garbanzo_0004.jpg,400,500,160,160
val,garbanzo,/Users/tadhglooram/Desktop/EOU/deliverables/EOU-ML-Workshop/crops/data/raw_crop_images/chickpeas/img/254808487.jpeg,/Users/tadhglooram/Desktop/EOU/deliverables/EOU-ML-Workshop/crops/data/crop_images/val/garbanzo/garbanzo_0005.jpg,375,500,160,160
val,garbanzo,/Users/tadhglooram/Desktop/EOU/deliverables/EOU-ML-Workshop/crops/data/raw_crop_images/chickpeas/img/111623644.jpeg,/Users/tadhglooram/Desktop/EOU/deliverables/EOU-ML-Workshop/crops/data/crop_images/val/garbanzo/garbanzo_0006.jpg,449,500,160,160
val,garbanzo,/Users/tadhglooram/Desktop/EOU/deliverables/EOU-ML-Workshop/crops/data/raw_crop_images/chickpeas/img/265241982.jpeg,/Users/tadhglooram/Desktop/EOU/deliverables/EOU-ML-Workshop/crops/data/crop_images/val/garbanzo/garbanzo_0007.jpg,500,376,160,160
val,garbanzo,/Users/tadhglooram/Desktop/EOU/deliverables/EOU-ML-Workshop/crops/data/raw_crop_images/chickpeas/img/157911499.jpeg,/Users/tadhglooram/Desktop/EOU/deliverables/EOU-ML-Workshop/crops/data/crop_images/val/garbanzo/garbanzo_0008.jpg,225,500,160,160
val,garbanzo,/Users/tadhglooram/Desktop/EOU/deliverables/EOU-ML-Workshop/crops/data/raw_crop_images/chickpeas/img/234885335.jpeg,/Users/tadhglooram/Desktop/EOU/deliverables/EOU-ML-Workshop/crops/data/crop_images/val/garbanzo/garbanzo_0009.jpg,375,500,160,160
val,garbanzo,/Users/tadhglooram/Desktop/EOU/deliverables/EOU-ML-Workshop/crops/data/raw_crop_images/chickpeas/img/173019187.jpg,/Users/tadhglooram/Desktop/EOU/deliverables/EOU-ML-Workshop/crops/data/crop_images/val/garbanzo/garbanzo_0010.jpg,375,500,160,160
val,garbanzo,/Users/tadhglooram/Desktop/EOU/deliverables/EOU-ML-Workshop/crops/data/raw_crop_images/chickpeas/img/53246165.jpeg,/Users/tadhglooram/Desktop/EOU/deliverables/EOU-ML-Workshop/crops/data/crop_images/val/garbanzo/garbanzo_0011.jpg,331,500,160,160
val,garbanzo,/Users/tadhglooram/Desktop/EOU/deliverables/EOU-ML-Workshop/crops/data/raw_crop_images/chickpeas/img/182915583.jpeg,/Users/tadhglooram/Desktop/EOU/deliverables/EOU-ML-Workshop/crops/data/crop_images/val/garbanzo/garbanzo_0012.jpg,374,500,160,160
val,garbanzo,/Users/tadhglooram/Desktop/EOU/deliverables/EOU-ML-Workshop/crops/data/raw_crop_images/chickpeas/img/120704575.jpeg,/Users/tadhglooram/Desktop/EOU/deliverables/EOU-ML-Workshop/crops/data/crop_images/val/garbanzo/garbanzo_0013.jpg,500,375,160,160
val,garbanzo,/Users/tadhglooram/Desktop/EOU/deliverables/EOU-ML-Workshop/crops/data/raw_crop_images/chickpeas/img/192922745.jpeg,/Users/tadhglooram/Desktop/EOU/deliverables/EOU-ML-Workshop/crops/data/crop_images/val/garbanzo/garbanzo_0014.jpg,375,500,160,160
val,garbanzo,/Users/tadhglooram/Desktop/EOU/deliverables/EOU-ML-Workshop/crops/data/raw_crop_images/chickpeas/img/119395179.jpeg,/Users/tadhglooram/Desktop/EOU/deliverables/EOU-ML-Workshop/crops/data/crop_images/val/garbanzo/garbanzo_0015.jpg,375,500,160,160
val,garbanzo,/Users/tadhglooram/Desktop/EOU/deliverables/EOU-ML-Workshop/crops/data/raw_crop_images/chickpeas/img/122916904.jpg,/Users/tadhglooram/Desktop/EOU/deliverables/EOU-ML-Workshop/crops/data/crop_images/val/garbanzo/garbanzo_0016.jpg,375,500,160,160
val,garbanzo,/Users/tadhglooram/Desktop/EOU/deliverables/EOU-ML-Workshop/crops/data/raw_crop_images/chickpeas/img/246450682.jpeg,/Users/tadhglooram/Desktop/EOU/deliverables/EOU-ML-Workshop/crops/data/crop_images/val/garbanzo/garbanzo_0017.jpg,375,500,160,160
val,garbanzo,/Users/tadhglooram/Desktop/EOU/deliverables/EOU-ML-Workshop/crops/data/raw_crop_images/chickpeas/img/68262074.jpeg,/Users/tadhglooram/Desktop/EOU/deliverables/EOU-ML-Workshop/crops/data/crop_images/val/garbanzo/garbanzo_0018.jpg,375,500,160,160
val,garbanzo,/Users/tadhglooram/Desktop/EOU/deliverables/EOU-ML-Workshop/crops/data/raw_crop_images/chickpeas/img/166276061.jpeg,/Users/tadhglooram/Desktop/EOU/deliverables/EOU-ML-Workshop/crops/data/crop_images/val/garbanzo/garbanzo_0019.jpg,281,500,160,160
val,garbanzo,/Users/tadhglooram/Desktop/EOU/deliverables/EOU-ML-Workshop/crops/data/raw_crop_images/chickpeas/img/54387703.jpeg,/Users/tadhglooram/Desktop/EOU/deliverables/EOU-ML-Workshop/crops/data/crop_images/val/garbanzo/garbanzo_0020.jpg,500,375,160,160
val,garbanzo,/Users/tadhglooram/Desktop/EOU/deliverables/EOU-ML-Workshop/crops/data/raw_crop_images/chickpeas/img/248983228.jpeg,/Users/tadhglooram/Desktop/EOU/deliverables/EOU-ML-Workshop/crops/data/crop_images/val/garbanzo/garbanzo_0021.jpg,375,500,160,160
val,garbanzo,/Users/tadhglooram/Desktop/EOU/deliverables/EOU-ML-Workshop/crops/data/raw_crop_images/chickpeas/img/79406137.jpeg,/Users/tadhglooram/Desktop/EOU/deliverables/EOU-ML-Workshop/crops/data/crop_images/val/garbanzo/garbanzo_0022.jpg,500,225,160,160
test,garbanzo,/Users/tadhglooram/Desktop/EOU/deliverables/EOU-ML-Workshop/crops/data/raw_crop_images/chickpeas/img/169116731.jpeg,/Users/tadhglooram/Desktop/EOU/deliverables/EOU-ML-Workshop/crops/data/crop_images/test/garbanzo/garbanzo_0000.jpg,375,500,160,160
test,garbanzo,/Users/tadhglooram/Desktop/EOU/deliverables/EOU-ML-Workshop/crops/data/raw_crop_images/chickpeas/img/104641170.jpg,/Users/tadhglooram/Desktop/EOU/deliverables/EOU-ML-Workshop/crops/data/crop_images/test/garbanzo/garbanzo_0001.jpg,375,500,160,160
test,garbanzo,/Users/tadhglooram/Desktop/EOU/deliverables/EOU-ML-Workshop/crops/data/raw_crop_images/chickpeas/img/223408110.jpeg,/Users/tadhglooram/Desktop/EOU/deliverables/EOU-ML-Workshop/crops/data/crop_images/test/garbanzo/garbanzo_0002.jpg,500,375,160,160
test,garbanzo,/Users/tadhglooram/Desktop/EOU/deliverables/EOU-ML-Workshop/crops/data/raw_crop_images/chickpeas/img/284544915.jpg,/Users/tadhglooram/Desktop/EOU/deliverables/EOU-ML-Workshop/crops/data/crop_images/test/garbanzo/garbanzo_0003.jpg,500,375,160,160
test,garbanzo,/Users/tadhglooram/Desktop/EOU/deliverables/EOU-ML-Workshop/crops/data/raw_crop_images/chickpeas/img/196988808.jpeg,/Users/tadhglooram/Desktop/EOU/deliverables/EOU-ML-Workshop/crops/data/crop_images/test/garbanzo/garbanzo_0004.jpg,375,500,160,160
test,garbanzo,/Users/tadhglooram/Desktop/EOU/deliverables/EOU-ML-Workshop/crops/data/raw_crop_images/chickpeas/img/278015102.jpeg,/Users/tadhglooram/Desktop/EOU/deliverables/EOU-ML-Workshop/crops/data/crop_images/test/garbanzo/garbanzo_0005.jpg,375,500,160,160
test,garbanzo,/Users/tadhglooram/Desktop/EOU/deliverables/EOU-ML-Workshop/crops/data/raw_crop_images/chickpeas/img/79557305.jpg,/Users/tadhglooram/Desktop/EOU/deliverables/EOU-ML-Workshop/crops/data/crop_images/test/garbanzo/garbanzo_0006.jpg,281,500,160,160
test,garbanzo,/Users/tadhglooram/Desktop/EOU/deliverables/EOU-ML-Workshop/crops/data/raw_crop_images/chickpeas/img/193816634.jpeg,/Users/tadhglooram/Desktop/EOU/deliverables/EOU-ML-Workshop/crops/data/crop_images/test/garbanzo/garbanzo_0007.jpg,500,333,160,160
test,garbanzo,/Users/tadhglooram/Desktop/EOU/deliverables/EOU-ML-Workshop/crops/data/raw_crop_images/chickpeas/img/88705528.jpeg,/Users/tadhglooram/Desktop/EOU/deliverables/EOU-ML-Workshop/crops/data/crop_images/test/garbanzo/garbanzo_0008.jpg,281,500,160,160
test,garbanzo,/Users/tadhglooram/Desktop/EOU/deliverables/EOU-ML-Workshop/crops/data/raw_crop_images/chickpeas/img/46924524.jpeg,/Users/tadhglooram/Desktop/EOU/deliverables/EOU-ML-Workshop/crops/data/crop_images/test/garbanzo/garbanzo_0009.jpg,281,500,160,160
test,garbanzo,/Users/tadhglooram/Desktop/EOU/deliverables/EOU-ML-Workshop/crops/data/raw_crop_images/chickpeas/img/208703391.jpg,/Users/tadhglooram/Desktop/EOU/deliverables/EOU-ML-Workshop/crops/data/crop_images/test/garbanzo/garbanzo_0010.jpg,375,500,160,160
test,garbanzo,/Users/tadhglooram/Desktop/EOU/deliverables/EOU-ML-Workshop/crops/data/raw_crop_images/chickpeas/img/196336099.jpeg,/Users/tadhglooram/Desktop/EOU/deliverables/EOU-ML-Workshop/crops/data/crop_images/test/garbanzo/garbanzo_0011.jpg,225,500,160,160
test,garbanzo,/Users/tadhglooram/Desktop/EOU/deliverables/EOU-ML-Workshop/crops/data/raw_crop_images/chickpeas/img/149008526.jpeg,/Users/tadhglooram/Desktop/EOU/deliverables/EOU-ML-Workshop/crops/data/crop_images/test/garbanzo/garbanzo_0012.jpg,375,500,160,160
test,garbanzo,/Users/tadhglooram/Desktop/EOU/deliverables/EOU-ML-Workshop/crops/data/raw_crop_images/chickpeas/img/112637824.jpg,/Users/tadhglooram/Desktop/EOU/deliverables/EOU-ML-Workshop/crops/data/crop_images/test/garbanzo/garbanzo_0013.jpg,375,500,160,160
test,garbanzo,/Users/tadhglooram/Desktop/EOU/deliverables/EOU-ML-Workshop/crops/data/raw_crop_images/chickpeas/img/114073954.jpeg,/Users/tadhglooram/Desktop/EOU/deliverables/EOU-ML-Workshop/crops/data/crop_images/test/garbanzo/garbanzo_0014.jpg,225,500,160,160
test,garbanzo,/Users/tadhglooram/Desktop/EOU/deliverables/EOU-ML-Workshop/crops/data/raw_crop_images/chickpeas/img/278433290.jpeg,/Users/tadhglooram/Desktop/EOU/deliverables/EOU-ML-Workshop/crops/data/crop_images/test/garbanzo/garbanzo_0015.jpg,226,500,160,160
test,garbanzo,/Users/tadhglooram/Desktop/EOU/deliverables/EOU-ML-Workshop/crops/data/raw_crop_images/chickpeas/img/148475437.jpg,/Users/tadhglooram/Desktop/EOU/deliverables/EOU-ML-Workshop/crops/data/crop_images/test/garbanzo/garbanzo_0016.jpg,375,500,160,160
test,garbanzo,/Users/tadhglooram/Desktop/EOU/deliverables/EOU-ML-Workshop/crops/data/raw_crop_images/chickpeas/img/59716279.jpeg,/Users/tadhglooram/Desktop/EOU/deliverables/EOU-ML-Workshop/crops/data/crop_images/test/garbanzo/garbanzo_0017.jpg,500,333,160,160
test,garbanzo,/Users/tadhglooram/Desktop/EOU/deliverables/EOU-ML-Workshop/crops/data/raw_crop_images/chickpeas/img/15163750.jpeg,/Users/tadhglooram/Desktop/EOU/deliverables/EOU-ML-Workshop/crops/data/crop_images/test/garbanzo/garbanzo_0018.jpg,281,500,160,160
test,garbanzo,/Users/tadhglooram/Desktop/EOU/deliverables/EOU-ML-Workshop/crops/data/raw_crop_images/chickpeas/img/160433620.jpeg,/Users/tadhglooram/Desktop/EOU/deliverables/EOU-ML-Workshop/crops/data/crop_images/test/garbanzo/garbanzo_0019.jpg,376,500,160,160
test,garbanzo,/Users/tadhglooram/Desktop/EOU/deliverables/EOU-ML-Workshop/crops/data/raw_crop_images/chickpeas/img/19730796.jpg,/Users/tadhglooram/Desktop/EOU/deliverables/EOU-ML-Workshop/crops/data/crop_images/test/garbanzo/garbanzo_0020.jpg,281,500,160,160
test,garbanzo,/Users/tadhglooram/Desktop/EOU/deliverables/EOU-ML-Workshop/crops/data/raw_crop_images/chickpeas/img/213090048.jpg,/Users/tadhglooram/Desktop/EOU/deliverables/EOU-ML-Workshop/crops/data/crop_images/test/garbanzo/garbanzo_0021.jpg,500,375,160,160
test,garbanzo,/Users/tadhglooram/Desktop/EOU/deliverables/EOU-ML-Workshop/crops/data/raw_crop_images/chickpeas/img/221984561.jpeg,/Users/tadhglooram/Desktop/EOU/deliverables/EOU-ML-Workshop/crops/data/crop_images/test/garbanzo/garbanzo_0022.jpg,375,500,160,160
test,garbanzo,/Users/tadhglooram/Desktop/EOU/deliverables/EOU-ML-Workshop/crops/data/raw_crop_images/chickpeas/img/112063568.jpeg,/Users/tadhglooram/Desktop/EOU/deliverables/EOU-ML-Workshop/crops/data/crop_images/test/garbanzo/garbanzo_0023.jpg,500,334,160,160
test,garbanzo,/Users/tadhglooram/Desktop/EOU/deliverables/EOU-ML-Workshop/crops/data/raw_crop_images/chickpeas/img/151814108.jpg,/Users/tadhglooram/Desktop/EOU/deliverables/EOU-ML-Workshop/crops/data/crop_images/test/garbanzo/garbanzo_0024.jpg,375,500,160,160
